Date_of_Accusation,Name_of_Accused,Gender,Location_of_Case,Charge,Result_of_Case,latitude,longitude,geo_precision
1302,Jens_Grand,Male,Sjælland,Witchcraft,Dismissed_from_office,55.5455979,11.6973741,original
1471,Unknown,Male,"Slagelse, Sjælland",Theft_and_Witchcraft,Guilty_execution_of_burning_at_the_stake_and_severed_hands,55.4061196,11.3525415,original
1530,Jørgen_Olløss_wife,Female,"Bornholm,_Sankt_Hans_sogn, Skånelandene",Witchcraft,Unknown,55.9833,13.5833,region
1530,Laurs_Kyllings_wife,Female,"Bornholm,_Sankt_Hans_sogn, Skånelandene",Witchcraft,Unknown,55.9833,13.5833,region
1532,Per_Svenske,Male,"Malmø, Skånelandene",Witchcraft_or_Secret_Arts_Defamation_case,Settlement,55.605,13.0038,town
1533,Hr._Hans_Pedersen,Male,"Horsens, Tyltered, Nørrejylland",Witchcraft,Unknown,55.8607,9.8503,town
1537-1543,Palladius_omtale_af_brændte_troldfolk,multiple_people,"Skåne, Sjælland",Witchcraft,Guilty_execution_of_burning_at_the_stake,54.6401765,11.8088437,original
1540,Boeld_Lauritzes,Female,"Stege, Møn",Witchcraft,Guilty_execution_of_burning_at_the_stake,54.9868137,12.2868603,original
1540,Karen_Grottes,Female,"Stege, Møn",Witchcraft,Guilty_execution_of_burning_at_the_stake,54.9868137,12.2868603,original
1540,Maye_Harskaars,Female,"Hads_herred, Bjerre_herred, Nørrejylland",Witchcraft,Guilty_execution_of_burning_at_the_stake,55.9667,10.1167,herred
1543,Maren_Jude,Female,"Stege, Møn",Witchcraft,Guilty_execution_of_burning_at_the_stake,54.9868137,12.2868603,original
1543,Anne_Simens,Female,"Stege, Møn",Witchcraft,Guilty_execution_of_burning_at_the_stake,54.9868137,12.2868603,original
1543,Anne_Skrædders,Female,"Stege, Møn",Witchcraft,Guilty_execution_of_burning_at_the_stake,54.9868137,12.2868603,original
1543,Fru_Beritte_ved_Helsingør,Female,"Helsingør, Sjælland",Witchcraft_Denunciation,Unknown,56.0347693,12.6133829,original
1543,Hr._Jens_Poste,Male,"Skåne, Skånelandene",Witchcraft_Denunciation,Unknown,55.9833,13.5833,region
1543,Hr._Jochim,Male,"Skåne, Skånelandene",Witchcraft_Denunciation,Unknown,55.9833,13.5833,region
1543,Hr._Niels_Lauentzfar,Male,"Skåne, Skånelandene",Witchcraft_Denunciation,Unknown,55.9833,13.5833,region
1543,Dorette_Judekvinde,Female,"København, Sjælland",Witchcraft_Denunciation,Unknown,55.664265,12.5736138,original
1543,Fru_Anna_Thygis_widt_den_store_steen,Female,,Witchcraft_Denunciation,Unknown,,,
1543,Fru_Magdalene_ved_Trelleborg,Female,"Skåne, Trelleborg, Skånelandene",Witchcraft_Denunciation,Unknown,55.3753,13.1567,town
1543,Fru_Boild,Female,,Witchcraft_Denunciation,Unknown,,,
1543,Kirstine_Prestedeye,Female,"København, Sjælland",Witchcraft_Denunciation,Unknown,55.664265,12.5736138,original
1543,Nogle_rytterkoner,Female,,Witchcraft_Denunciation,Unknown,,,
1543,Jens_Aalborgs_wife,Female,,Witchcraft_Denunciation,Unknown,,,
1543,Bente_Bagers,Female,,Witchcraft_Denunciation,Unknown,,,
1543,Thora,Female,"København, Sjælland",Witchcraft_Denunciation,Unknown,55.664265,12.5736138,original
1543,Gyde_Spandemager,Female,"Helsingør, Sjælland",Witchcraft,Guilty_execution_of_burning_at_the_stake,56.0347693,12.6133829,original
1544,Unknown,multiple_people,"København, Sjælland",Witchcraft,Guilty_execution_of_burning_at_the_stake,55.664265,12.5736138,original
1544,Gyde_Spandemager,Female,"Malmø, Skånelandene",Witchcraft_or_Secret_Arts,Guilty_execution_of_burning_at_the_stake,55.605,13.0038,town
1545,Tøuerischen_troldmand,Male,"Bornholm, Skånelandene",Witchcraft,Unknown,55.9833,13.5833,region
1545,Unknown,Female,"Køge, Sjælland",Witchcraft,Guilty_execution_of_burning_at_the_stake,55.4565009,12.1818964,original
1545,Unknown,Female,"Køge, Sjælland",Witchcraft,Guilty_execution_of_burning_at_the_stake,55.4565009,12.1818964,original
1545,Niels_Skriver,Male,"Køge, Sjælland",Witchcraft,Guilty_execution_of_burning_at_the_stake,55.4565009,12.1818964,original
1547,Jens_Andersens_far,Male,"Holbo_herred, Sjælland",Witchcraft,Guilty_execution_of_burning_at_the_stake,55.41667,11.83333,original
"1548, 1553",Hr._Ole,Male,"Limfjorden, Nørrejylland",Secret_Arts,Guilty_Dismissed_from_office,56.2639,9.5018,region
1548,Dorothea,Female,"Roskilde, Sjælland",Witchcraft,Guilty_execution_of_burning_at_the_stake,55.6433478,12.0819247,original
1548,Sidsel_Lerbæks,Female,"Roskilde, Sjælland",Witchcraft,Guilty_execution_of_burning_at_the_stake,55.6433478,12.0819247,original
1549,Elline_Mørch,Female,"Sømme_Herred, Kornerup, Sjælland",Witchcraft,Guilty_execution_of_burning_at_the_stake,55.63388,11.98203,original
1549,Sidse_Hansdatter,Female,"Sømme_Herred, Kornerup, Sjælland",Witchcraft,Guilty_execution_of_burning_at_the_stake,55.63388,11.98203,original
1549,Ellen_Mørks,Female,"Horsens, Nørrejylland",Witchcraft,Guilty_execution_of_burning_at_the_stake,55.8607,9.8503,town
1550,Hr._Oluf,Male,"Vendelbo_Stift, Mov, Nørrejylland",Witchcraft,Guilty_Dismissed_from_office,56.2639,9.5018,region
1550,Elna_Holgers,Female,"Råby, Skåne, Skånelandene",Witchcraft_Marriage_case,Acquitted_as_no_sanction_for_the_Witchcraft_accusations,55.9833,13.5833,region
1551,Anne_Hans_Kocks_wife,Female,"Nyborg, Fyn",Witchcraft,Guilty,55.3355177,10.7964981,original
1552,Borgerske_i_Ringkøbing,Female,"Ringkøbing, Nørrejylland",Witchcraft,Unknown,56.09,8.2464,town
1552,Per_Tordsens_wife,Female,"Køge, Sjælland",Witchcraft,Unknown,55.4565009,12.1818964,original
1554,Knud_Romor,Male,"Malmø, Skånelandene",Witchcraft_or_Secret_Arts_Defamation_case,Settlement,55.605,13.0038,town
1557,Kirstine_Torbens,Female,"Voldborg_Herred, Hvalsø, Sjælland",Witchcraft,Guilty_execution_of_burning_at_the_stake,55.5917,11.86253,original
1557,"Gertrud,_Rasmus_Skomagers",Female,"Langeland, Fyn",Witchcraft,Guilty_execution_of_burning_at_the_stake,55.3333,10.4167,region
1557,Giertrud_Jørgens,Female,"Rudkøbing, Langeland, Fyn",Witchcraft,Unknown,54.9394,10.7178,town
1557,Anne_Per_Mogensens,Female,"Bornholm,_Nexø, Skånelandene",Witchcraft_or_Secret_Arts,Unknown,55.0667,15.1333,town
1557,Hans_Guldsmed,Male,"Nyborg, Bornholm, Fyn",Witchcraft_or_Secret_Arts,Unknown,55.3117,10.7897,town
1557,Gertrud_Rasmusses,Female,"Rudkøbing, Bornholm, Langeland",Witchcraft_or_Secret_Arts,Unknown,54.9394,10.7178,town
1557,Margrete_Judens,Female,,Witchcraft,Unknown,,,
1557,Margrete_Judens,Female,,Witchcraft,Unknown,,,
1558,Anne_Nielsdatter,Female,"Andsager, Skovlunde, Nørrejylland",Witchcraft,The_bailiff_and_Hans_Tavsen_were_to_investigate_the_case_and_help_the_accused_bring_the_case_before_the_court,56.2639,9.5018,region
1559,Marine_Ubbis,Female,"Malmø, Skånelandene",Witchcraft_or_Secret_Arts_Defamation_case,Unknown,55.605,13.0038,town
1560,Karine_Høyers,Female,Lolland-Falster,Witchcraft,Guilty_execution_of_burning_at_the_stake,54.698938,11.442503,original
1560-1565,Mette_Madsdatter,Female,"Aalborg, Nørrejylland",Witchcraft,Unknown,57.0488,9.9217,town
1561,Mikkel_Degn,Male,"Vends_herred,_Rørup, Fyn",Witchcraft,Guilty_execution_of_burning_at_the_stake,55.3333,10.4167,region
1561,Unknown,Female,"Skive, Nørrejylland",Witchcraft,Guilty_execution_of_burning_at_the_stake,56.5667,9.0333,town
1561,Unknown,Female,"Skive, Nørrejylland",Witchcraft,Guilty_execution_of_burning_at_the_stake,56.5667,9.0333,town
1561,Unknown,Male,"Skive, Nørrejylland",Witchcraft,Guilty_execution_of_burning_at_the_stake,56.5667,9.0333,town
1561,Unknown,Male,"Skive, Nørrejylland",Witchcraft,Guilty_execution_of_burning_at_the_stake,56.5667,9.0333,town
1562,Hr._Jens_Pallesen,Male,"Øster_Horne_Herred, Hodder, Nørrejylland",Witchcraft,Guilty_execution_of_burning_at_the_stake,55.69,8.47,herred
1562,Elizabet_Trøllerin,Female,,Witchcraft_or_Secret_Arts,Unknown,,,
1562,Jens_Pallesens_kone,Female,"Hodde, Nørrejylland",Witchcraft,Guilty_execution_of_burning_at_the_stake,56.2639,9.5018,region
1563,Lauritz_Ibsen,Male,"Stevns_herred, Havnelev, Sjælland",Witchcraft,Guilty_execution_of_burning_at_the_stake,55.26807,12.34057,original
1563,Margrete_Jennsis,Female,"Skåne,_Luggude_herred, Skånelandene",Witchcraft,Guilty_execution_of_burning_at_the_stake,56.05,12.75,herred
1563-1564,Boill_Andersdatter,Female,"Skåne,_Luggude_herred, Skånelandene",Witchcraft,Guilty_execution_of_burning_at_the_stake,56.05,12.75,herred
1563,Lauritz_Ibssen,Male,"Stevns, Havnelev, Sjælland",Witchcraft,Guilty_Outlawed,55.26807,12.34057,original
1563,Berthel_Nielssen,Male,"Lønborg, Nørrejylland",Witchcraft,Unknown,55.9494,8.3486,town
1563,Hr._Hans_Jensen,Male,"Uggerslev, Nordfyn, Fyn",Witchcraft_Ecclesiastical_case,Unknown,55.3333,10.4167,region
1564,Kvinde,Female,"Gudme_herred, Fyn",Witchcraft,Guilty_execution_of_burning_at_the_stake,55.3333,10.4167,region
1564,Unknown,Female,"Helsingør, Sjælland",Witchcraft,Guilty_execution_of_burning_at_the_stake,56.0347693,12.6133829,original
1564,Unknown,Female,"Helsingør, Sjælland",Witchcraft,Guilty_execution_of_burning_at_the_stake,56.0347693,12.6133829,original
1565,Svigermoren_til_præsten_Johan_Henriksen_i_Pedersker,Female,"Bornholm, Skånelandene",Witchcraft,Guilty_execution_of_burning_at_the_stake,55.9833,13.5833,region
1565,Nogle_kvinder,Female,"Gudme_herred, Fyn",Witchcraft,Guilty_execution_of_burning_at_the_stake,55.3333,10.4167,region
1567,Unknown,Female,"København, Sjælland",Witchcraft,Guilty_execution_of_burning_at_the_stake,55.664265,12.5736138,original
1567,Unknown,Female,"København, Sjælland",Witchcraft,Guilty_execution_of_burning_at_the_stake,55.664265,12.5736138,original
1567,Unknown,Female,"København, Sjælland",Witchcraft,Guilty_execution_of_burning_at_the_stake,55.664265,12.5736138,original
1567,Anne_Sørensdatter,Female,"Stagsted, Aastrup, Nørrejylland",Witchcraft,Unknown,56.2639,9.5018,region
1567,"Lange_Marine,_Söffren_Judes_wife",Female,"Malmø, Skånelandene",Witchcraft_or_Secret_Arts,Guilty_execution_of_burning_at_the_stake,55.605,13.0038,town
1567,"Anne_Jørgensdatter,_Knud_Romors_wife",Female,"Malmø, Skånelandene",Witchcraft_or_Secret_Arts,Guilty_execution_of_burning_at_the_stake,55.605,13.0038,town
1568-1569,Inger_Skovs,Female,"Stubbekøbing, Falster",Witchcraft,Guilty_execution_of_burning_at_the_stake,54.8833,12.0333,town
1568-1569,Unknown,Female,"Stubbekøbing, Falster",Witchcraft,Guilty_execution_of_burning_at_the_stake,54.8833,12.0333,town
1568-1569,Unknown,Female,"Stubbekøbing, Falster",Witchcraft,Guilty_execution_of_burning_at_the_stake,54.8833,12.0333,town
1568-1569,Unknown,Female,"Stubbekøbing, Falster",Witchcraft,Guilty_execution_of_burning_at_the_stake,54.8833,12.0333,town
1568-1569,Unknown,Female,"Stubbekøbing, Falster",Witchcraft,Guilty_execution_of_burning_at_the_stake,54.8833,12.0333,town
1568-1569,Unknown,Female,"Stubbekøbing, Falster",Witchcraft,Guilty_execution_of_burning_at_the_stake,54.8833,12.0333,town
1568-1569,Unknown,Female,"Stubbekøbing, Falster",Witchcraft,Guilty_execution_of_burning_at_the_stake,54.8833,12.0333,town
1568-1569,Unknown,Female,"Stubbekøbing, Falster",Witchcraft,Guilty_execution_of_burning_at_the_stake,54.8833,12.0333,town
1568-1569,Unknown,Female,"Stubbekøbing, Falster",Witchcraft,Guilty_execution_of_burning_at_the_stake,54.8833,12.0333,town
1568-1569,Unknown,Female,"Stubbekøbing, Falster",Witchcraft,Guilty_execution_of_burning_at_the_stake,54.8833,12.0333,town
1568-1569,Unknown,Female,"Stubbekøbing, Falster",Witchcraft,Guilty_execution_of_burning_at_the_stake,54.8833,12.0333,town
1569,Edel_Stolte,Female,"Stubbekøbing, Falster",Witchcraft,Guilty_execution_of_burning_at_the_stake,54.8833,12.0333,town
1569,Torkild_Degn,Male,"Horns_herred, Nørrejylland",Witchcraft,Guilty_execution_of_burning_at_the_stake,56.2639,9.5018,region
1569,Maren_Frundsdatter,Female,"Vennebjerg_herred, Vester_Sørup, Nørrejylland",Witchcraft,Guilty_execution_of_burning_at_the_stake,57.4667,9.95,herred
1569,Margrete_Nielsdatter_Snydes,Female,"Børglum_Jerslev_Herred, Nørrejylland",Witchcraft,Guilty_execution_of_burning_at_the_stake,56.2639,9.5018,region
1569,Kirsten_Bodsdatter,Female,"Hornum_Herred, Nibe, Nørrejylland",Witchcraft,Guilty_execution_of_burning_at_the_stake,56.9789,9.6389,town
1569,Maren_Olufsdatter,Female,"Hjerm_Herred, Nørrejylland",Witchcraft,Guilty_execution_of_burning_at_the_stake,56.42,8.55,herred
1569,Anne_Olufsdatter,Female,"Hind_Herred,_Hoverdal, Nørrejylland",Witchcraft,Guilty_execution_of_burning_at_the_stake,56.05,8.2,herred
1569,Mette_Hanskone,Female,"Gesten, Nørrejylland",Witchcraft,Guilty_execution_of_burning_at_the_stake,55.4906,9.2181,town
1569,Else_Olufs,Female,"Skarrild, Nørrejylland",Witchcraft,Acquitted,56.2639,9.5018,region
1569,Anne_Gremers,Female,"Randers, Nørrejylland",Witchcraft,Guilty_execution_of_burning_at_the_stake,56.4607,10.0364,town
1569,Else_Olufskone,Female,Nørrejylland,Witchcraft,Acquitted,56.4531684,9.4075049,original
1569,Marie_Olufsdatter,Female,"Spåbæk, Nørrejylland",Witchcraft,Guilty_execution_of_burning_at_the_stake,56.2639,9.5018,region
1569,Margrete_Nielsdatter,Female,"Børglum_herred, Nørrejylland",Witchcraft,Acquitted,57.3833,9.95,herred
1569,Anne_Dineskone,Female,"Vostrup_birketing, Nørrejylland",Witchcraft_Defamation_case,No_charge_No_case_was_brought_against_her,56.2639,9.5018,region
1569,Mette_Lauridsdatter,Female,Nørrejylland,Witchcraft_Denunciation_case,Acquitted,56.4531684,9.4075049,original
1569,Villads_Løvs_wife,Female,"Børglum_herred, Nørrejylland",Witchcraft_Defamation_case,No_charge,57.3833,9.95,herred
1569,Anne_Lauridsdatter,Female,"Børglum_herred, Nørrejylland",Witchcraft_Defamation_case,No_charge,57.3833,9.95,herred
1569,Karen_Pedersdatter_Kat,Female,"Børglum_herred, Nørrejylland",Witchcraft_Denunciation_case,Acquitted,57.3833,9.95,herred
1570-73,Unknown,Female,Fyn,Witchcraft,Guilty_execution_of_burning_at_the_stake,55.33333,10.5,original
1570-73,Unknown,Female,Fyn,Witchcraft,Guilty_execution_of_burning_at_the_stake,55.33333,10.5,original
1570,Mette_Christen_Lassens,Female,"Djursland, Grenå, Nørrejylland",Witchcraft,Unknown,56.4167,10.8833,town
1581,Unknown,Unknown,"Helsingør, Sjælland",Witchcraft,Guilty_execution_of_burning_at_the_stake,56.0347693,12.6133829,original
1570,Anne_Hattemagers,Female,"Viborg, Nørrejylland",Witchcraft,Acquitted,56.4531684,9.4075049,original
1570-1582,Unknown,Unknown,"Helsingør, Sjælland",Witchcraft,Guilty_execution_of_burning_at_the_stake,56.0347693,12.6133829,original
1570-1583,Unknown,Unknown,"Helsingør, Sjælland",Witchcraft,Guilty_execution_of_burning_at_the_stake,56.0347693,12.6133829,original
1570,Jens,Male,"Lynge_Kronborg_herred, Birkerød, Sjælland",Witchcraft,Guilty_execution_of_burning_at_the_stake,55.41667,11.83333,original
1571,Sophie_Kier,Female,"Fjends_Herred, Nørrejylland",Witchcraft,Guilty_execution_of_burning_at_the_stake,56.5,9.15,herred
1571,Apelone_i_Ørumgård,Female,"Fjends_Herred, Ørumgaard, Nørrejylland",Witchcraft,Guilty_execution_of_burning_at_the_stake,56.5,9.15,herred
1571,Ellen_Tammisdatter,Female,"Djurs_Nørre_Herred, Nørrejylland",Witchcraft,Guilty_execution_of_burning_at_the_stake,56.45,10.65,herred
1571,En_troldkvinde,Female,"Helsingborg, Skånelandene",Witchcraft,Unknown,56.0465,12.6945,town
1571,Doritte_Nippers,Female,"Helsingør, Sjælland",Witchcraft,Guilty_execution_of_burning_at_the_stake,56.0347693,12.6133829,original
1571,Karine_Las_Muncks,Female,"Helsingør, Sjælland",Witchcraft,Guilty_execution_of_burning_at_the_stake,56.0347693,12.6133829,original
1572,Johanne_Mogensdatter,Female,"Nakskov, Lolland",Witchcraft,Guilty_execution_of_burning_at_the_stake,54.8304979,11.1493517,original
1572,Anne_Nielsdatter,Female,"Slet_Herred,_Vidskol_Birk, Nørrejylland",Witchcraft,Guilty_execution_of_burning_at_the_stake,56.9,9.5333,herred
1572,Maren_Kiærs,Female,"Djurs_Sønder_Herred, Nørrejylland",Witchcraft,Guilty_execution_of_burning_at_the_stake,56.3,10.55,herred
1572,Johanne_Christensdatter_Rygge,Female,"Ribe, Nørrejylland",Witchcraft,Guilty_execution_of_burning_at_the_stake,55.3297,8.7671,town
1572,Maje_Hjælpers,Female,"Malt_herred,_Store_Darum, Nørrejylland",Witchcraft,Guilty_execution_of_burning_at_the_stake,55.4333,8.9333,town
1573,Anne_Mussis,Female,"Nakskov, Lolland",Witchcraft,Guilty_execution_of_burning_at_the_stake,54.8304979,11.1493517,original
1573,Marine_Berthels,Female,"Nakskov, Lolland",Witchcraft,Guilty_execution_of_burning_at_the_stake,54.8304979,11.1493517,original
1573,Bodil_Gregersdatter,Female,"Horns_herred, Skærum, Nørrejylland",Witchcraft,Guilty_execution_of_burning_at_the_stake,56.2639,9.5018,region
1573,Peder_Vognfører,Male,"Vennebjerg_herred, Bjærgby, Nørrejylland",Witchcraft,Guilty_execution_of_burning_at_the_stake,57.4667,9.95,herred
1573,Maren_Rytterkone,Female,,Witchcraft,Guilty,,,
1573,Marine_Jordmoders,Female,"Malmø, Skånelandene",Witchcraft_or_Secret_Arts,Guilty_execution_of_burning_at_the_stake,55.605,13.0038,town
1573,Anne_Romor,Female,"Malmø, Skånelandene",Witchcraft_or_Secret_Arts_Defamation_case,Unknown,55.605,13.0038,town
1573,wife_til_borgmester_Niels_Ipsen,Female,"Malmø, Skånelandene",Witchcraft_or_Secret_Arts_Defamation_case,Unknown,55.605,13.0038,town
1574,Hr._Jacob_Andersen,Male,"Frederiksborg,_Hjørlunde, Sjælland",Witchcraft,Guilty_dismissed_from_office_and_committed_to_a_convent_for_observation_for_Witchcraft,55.41667,11.83333,original
1575,Karen_Kiels,Female,"Djursland, Grenå, Nørrejylland",Witchcraft_Defamation_case,Acquitted_No_formal_charges_instead_her_accuser_had_to_apologise_at_the_assembly,56.4167,10.8833,town
1575,Mats_Skøtt,Male,"Djursland, Grenå, Nørrejylland",Witchcraft,Unknown,56.4167,10.8833,town
1575,Maren_Ballis,Female,"Djursland, Grenå, Nørrejylland",Witchcraft_Denunciation,Unknown,56.4167,10.8833,town
1576,Ingeborg_Jespersdatter,Female,"Børglum_Jerslev_Herred, Torslev, Nørrejylland,",Witchcraft,Guilty_execution_of_burning_at_the_stake,56.2639,9.5018,region
1576,Karen_Peders_i_Krogen,Female,"Børglum, Rakkeby, Nørrejylland",Witchcraft,Unknown,57.3833,9.95,herred
1576,Mogens_Jensen,Male,"Børglum, Tårs, Nørrejylland",Witchcraft,Unknown,57.3833,9.95,herred
1576,Anne_Jensdatter,Female,"Børglum, Tårs, Nørrejylland",Witchcraft,Unknown,57.3833,9.95,herred
1576,Mette_Glarmesters,Female,"Helsingør, Sjælland",Witchcraft,Guilty_execution_of_burning_at_the_stake,56.0347693,12.6133829,original
1577,En_række_kvinder,Female,"Bogense, Fyn",Witchcraft,Guilty_execution_of_burning_at_the_stake,55.5622833,10.0862867,original
1577,Store_Kirsten,Female,"Vennebjerg_herred, Nørrejylland",Witchcraft,Guilty_execution_of_burning_at_the_stake,57.4667,9.95,herred
1577,Giertrud_Povels,Female,"Ribe, Nørrejylland",Witchcraft,Guilty_execution_of_burning_at_the_stake,55.3297,8.7671,town
1577,Maren_Christens_Prækfaders,Female,"Ribe, Nørrejylland",Witchcraft,Guilty_execution_of_burning_at_the_stake,55.3297,8.7671,town
1577,Anders_Høg,Male,"Lolland, Femø",Witchcraft,Guilty_execution_of_burning_at_the_stake,54.9693599,11.5411012,original
1577,Bodel_Madsdatter,Female,"Børglum,_Hugdrup, Nørrejylland",Witchcraft,Unknown,57.3833,9.95,herred
1577,Maren_Olufsdatter_eller_Jensdatter,Female,"Børglum,_Guldager, Nørrejylland",Witchcraft,Unknown,55.5,8.5333,town
1577,Store_Kirsten,Female,"Børglum, Nørrejylland",Witchcraft,Unknown,57.3833,9.95,herred
1577,Sidsel_Jenses,Female,"Børglum, Tårs, Nørrejylland",Witchcraft,Unknown,57.3833,9.95,herred
1577,Peder_Willomsen,Male,"Malmø, Skånelandene",Witchcraft_or_Secret_Arts_Denunciation,Unknown,55.605,13.0038,town
1577,De_15_mænd_i_Anne_Jydequindes_sag,Male,"Malmø, Skånelandene",Witchcraft_or_Secret_Arts_Defamation_case,Settlement,55.605,13.0038,town
1578,"Johanne_Nielsdatter,_kaldet_Holger_Thaas",Female,"Malmø, Skånelandene",Witchcraft_or_Secret_Arts,Guilty_execution_of_burning_at_the_stake,55.605,13.0038,town
1578,"Barrabra,_Oune_Smeds_moder",Female,"Malmø, Skånelandene",Witchcraft_or_Secret_Arts,Guilty_execution_of_burning_at_the_stake,55.605,13.0038,town
1578,Karine_Peder_Skomagers,Female,"Malmø, Skånelandene",Witchcraft_or_Secret_Arts,Guilty_execution_of_burning_at_the_stake,55.605,13.0038,town
1578,Pernille_Suends,Female,"Malmø, Skånelandene",Witchcraft_or_Secret_Arts,Guilty_execution_of_burning_at_the_stake,55.605,13.0038,town
1578,Kirstine_Hellekande,Female,"Malmø, Skånelandene",Witchcraft_or_Secret_Arts,Guilty_execution_of_burning_at_the_stake,55.605,13.0038,town
1578,Inger_Hyrens,Female,"Malmø, Skånelandene",Witchcraft_or_Secret_Arts,Guilty_execution_of_burning_at_the_stake,55.605,13.0038,town
1578,Karine_Jørgensdatter_Kempis,Female,"Malmø, Skånelandene",Witchcraft_or_Secret_Arts_Denunciation,Acquitted,55.605,13.0038,town
1578,wife_til_Bo_Drager,Female,"Malmø, Skånelandene",Witchcraft_or_Secret_Arts_Denunciation,Unknown,55.605,13.0038,town
1579,Skoledegnen_i_Slangerup,Male,"Slangerup, Sjælland",Witchcraft,The_bishop_intended_to_deal_with_the_case_together_with_the_bailiff_Johan_Due_-_outcome_unknown,55.41667,11.83333,original
1579,Unknown,Male,Sjælland,Witchcraft,The_bishop_intended_to_deal_with_the_case_together_with_the_bailiff_Johan_Due_-_outcome_unknown,55.5455979,11.6973741,original
1579,Unknown,Male,"Slangerup, Sjælland",Witchcraft,The_bishop_intended_to_deal_with_the_case_together_with_the_bailiff_Johan_Due_-_outcome_unknown,55.41667,11.83333,original
1579,"Anne_Jakob_Jydequinde,_Dyvelsmoder",Female,"Malmø, Skånelandene",Witchcraft_or_Secret_Arts,Guilty_execution_of_burning_at_the_stake,55.605,13.0038,town
1579,Anders_Knudssøn,Male,"Malmø, Skånelandene,_Eskilstorp",Witchcraft_or_Secret_Arts_Denunciation,No_charge_The_person_who_named_her_withdrew_the_statement,55.605,13.0038,town
1579,wife_til_Anders_Knudssøn,Female,"Malmø, Skånelandene,_Eskilstorp",Witchcraft_or_Secret_Arts_Denunciation,No_charge_The_person_who_named_her_withdrew_the_statement,55.605,13.0038,town
1579,Mauritz_Martensen,Male,"Malmø, Skånelandene,_Eskilstorp",Witchcraft_or_Secret_Arts_Denunciation,Unknown,55.605,13.0038,town
1579,wife_til_Mauritz_Martensen,Female,"Malmø, Skånelandene,_Eskilstorp",Witchcraft_or_Secret_Arts_Denunciation,Unknown,55.605,13.0038,town
1582,Kvinde,Female,"Aalborg, Nørrejylland",Witchcraft,Guilty_execution_of_burning_at_the_stake,57.0488,9.9217,town
1582,Maren_Badekvinde,Female,"Aalborg, Nørrejylland",Witchcraft,Guilty_execution_of_burning_at_the_stake,57.0488,9.9217,town
1582,Maren_Thuris,Female,"Aalborg, Nørrejylland",Witchcraft,"Acquitted_First_declared_guilty,_but_ultimately_acquitted",57.0488,9.9217,town
1582,Kvinde,Female,"Aalborg, Nørrejylland",Witchcraft,Unknown,57.0488,9.9217,town
1582,Kirstine_Jep_Brænders,Female,"Helsingør, Sjælland",Witchcraft,Guilty_execution_of_burning_at_the_stake,56.0347693,12.6133829,original
1583,Mettha,Female,"Viborg, Fjends_Herred, Nørrejylland",Secret_Arts_and_Fraud,Unknown,56.4528,9.4022,town
1583,Unknown,multiple_people,"Faaborg, Fyn",Witchcraft,Unknown,55.1011813,10.2400732,original
1583,Karen_Jensdatter,Female,"Børglum, Nørrejylland",Witchcraft,Unknown,57.3833,9.95,herred
1583,Oluf_Klensmed,Male,"Malmø, Skånelandene",Witchcraft_or_Secret_Arts_Defamation_case,Unknown,55.605,13.0038,town
1583,Marine_Oluf_Klensmeds_wife,Female,"Malmø, Skånelandene",Witchcraft_or_Secret_Arts_Defamation_case,Unknown,55.605,13.0038,town
1584,Peder_Babbe,Male,"Maribo, Lolland",Witchcraft,Guilty_execution_of_burning_at_the_stake,54.7758018,11.5054333,original
1584,Boel_Michels,Female,"Slesvig, Ribe-egnen, Nørrejylland",Witchcraft,Unknown,56.2639,9.5018,region
1584,Mette_Laalicks,Female,"Malmø, Skånelandene",Witchcraft_or_Secret_Arts,Guilty_execution_of_burning_at_the_stake,55.605,13.0038,town
1584,Marine_Lappers,Female,"Malmø, Skånelandene",Witchcraft_or_Secret_Arts,Guilty_execution_of_burning_at_the_stake,55.605,13.0038,town
1584,Marine_Holstis,Female,"Malmø, Skånelandene",Witchcraft_or_Secret_Arts,Guilty_execution_of_burning_at_the_stake,55.605,13.0038,town
1584,Elline_Bahequinde,Female,"Malmø, Skånelandene",Witchcraft_or_Secret_Arts,Guilty_Banishment,55.605,13.0038,town
1587,Karen_Bruun,Female,"Dronninglund_Herred, Hundslund_birk, Nørrejylland",Witchcraft,Guilty_execution_of_burning_at_the_stake,57.1667,10.3,town
1587,Anne_Røndis,Female,"Djurs_Sønder_Herred, Nørrejylland",Witchcraft,Guilty_execution_of_burning_at_the_stake,56.3,10.55,herred
1588,Rasmus_Kræmmer,Male,"Djursland, Grenå, Nørrejylland",Witchcraft,Unknown,56.4167,10.8833,town
1588,Buol_Hjorkone,Female,"Djursland, Vejlby, Nørrejylland",Witchcraft_Denunciation,Unknown,56.2639,9.5018,region
1588,Sidsel_Mikkels,Female,"Djursland, Fladstrup, Nørrejylland",Witchcraft_Denunciation,Unknown,56.2639,9.5018,region
1589-1630,Hr._Rasmus_Hansen_på_Sleten,Male,"Baag_herred, Fyn",Witchcraft,Unknown,55.3333,10.4167,region
1590,Catharina/Karen_Lasdatter,Female,"Ribe, Nørrejylland",Witchcraft,Guilty_execution_of_burning_at_the_stake,55.3297,8.7671,town
1590,Unknown,Female,"København, Sjælland",Witchcraft,Guilty_execution_of_burning_at_the_stake,55.664265,12.5736138,original
1590,Unknown,Female,"København, Sjælland",Witchcraft,Guilty_execution_of_burning_at_the_stake,55.664265,12.5736138,original
1590,Unknown,Female,"København, Sjælland",Witchcraft,Guilty_execution_of_burning_at_the_stake,55.664265,12.5736138,original
1590,Marine_Tyges,Female,"Ribe,Vester_Vested-Ribe, Nørrejylland",Witchcraft,Unknown,55.3297,8.7671,town
1590,Unknown,Female,"København, Sjælland",Witchcraft,Guilty_execution_of_burning_at_the_stake,55.664265,12.5736138,original
1590,Unknown,Female,"København, Sjælland",Witchcraft,Guilty_execution_of_burning_at_the_stake,55.664265,12.5736138,original
1590,Unknown,Female,"København, Sjælland",Witchcraft,Guilty_execution_of_burning_at_the_stake,55.664265,12.5736138,original
1590,Kvinde_(Jesper_Skammelsens_wife),Female,"Roskilde, Sjælland",Witchcraft,Unknown,55.6433478,12.0819247,original
1590,Kisten_Sontags,Female,"København, Sjælland",Witchcraft,Unknown,55.664265,12.5736138,original
1590,Unknown,Female,"København, Sjælland",Witchcraft,Guilty_execution_of_burning_at_the_stake,55.664265,12.5736138,original
1590,Anne_Jespers_Vintappers,Female,"København, Sjælland",Witchcraft,Unknown,55.664265,12.5736138,original
1590,Unknown,Female,"København, Sjælland",Witchcraft,Guilty_execution_of_burning_at_the_stake,55.664265,12.5736138,original
1590,Unknown,Female,"København, Sjælland",Witchcraft,Guilty_execution_of_burning_at_the_stake,55.664265,12.5736138,original
1590,Unknown,Female,"København, Sjælland",Witchcraft,Guilty_execution_of_burning_at_the_stake,55.664265,12.5736138,original
1590,Unknown,Female,"København, Sjælland",Witchcraft,Guilty_execution_of_burning_at_the_stake,55.664265,12.5736138,original
1590,Unknown,Female,"København, Sjælland",Witchcraft,Guilty_execution_of_burning_at_the_stake,55.664265,12.5736138,original
1590,Unknown,Female,"København, Sjælland",Witchcraft,Guilty_execution_of_burning_at_the_stake,55.664265,12.5736138,original
1590,Ane_Coldings_Djævelens_Moder,Female,"København, Sjælland",Witchcraft,Guilty_execution_of_burning_at_the_stake,55.664265,12.5736138,original
1590,Unknown,Female,"København, Sjælland",Witchcraft,Guilty_execution_of_burning_at_the_stake,55.664265,12.5736138,original
1590,Karen_Vævers,Female,"København, Sjælland",Witchcraft,Guilty,55.664265,12.5736138,original
1590,Maren_Matts_Bryggers,Female,"København, Sjælland",Witchcraft,Guilty,55.664265,12.5736138,original
1590,Kirsten_Søndags,Female,"København, Sjælland",Witchcraft,Unknown,55.664265,12.5736138,original
1590,Maren_Mogensis,Female,"København, Sjælland",Witchcraft,Unknown,55.664265,12.5736138,original
1590,Den_bondekvinde,Female,"Malmø, Skånelandene",Witchcraft,Unknown,55.605,13.0038,town
1590,Anne_Jespers,Female,"København, Sjælland",Witchcraft,Unknown,55.664265,12.5736138,original
1590,Maren_Pers,Female,"København, Sjælland",Witchcraft,Unknown,55.664265,12.5736138,original
1590,Unknown,Female,"København, Sjælland",Witchcraft,Guilty_execution_of_burning_at_the_stake,55.664265,12.5736138,original
1590,Aneke_Lambs,Female,Sjælland,Witchcraft,Unknown,55.5455979,11.6973741,original
1590,Margrete,Female,"København, Sjælland",Witchcraft,Guilty_execution_of_burning_at_the_stake,55.664265,12.5736138,original
1590,Anne_Nesskens_Spinders,Female,,Witchcraft,The_Supreme_Court_Rettertinget_sent_the_case_back_for_a_final_verdict_outcome_not_known,,,
1590,Børte_Christensdatter,Female,"Slangerup, Sjælland",Witchcraft,Guilty_execution_of_burning_at_the_stake,55.41667,11.83333,original
1590,Marine_Brennevins,Female,"Malmø, Skånelandene",Witchcraft_or_Secret_Arts,Guilty_execution_of_burning_at_the_stake,55.605,13.0038,town
1590,Inger_Christiern_Skredders,Female,"Malmø, Skånelandene",Witchcraft_or_Secret_Arts,Guilty_execution_of_burning_at_the_stake,55.605,13.0038,town
1590,Bente_Bondequinde,Female,"Malmø, Skånelandene",Witchcraft_or_Secret_Arts,Guilty_execution_of_burning_at_the_stake,55.605,13.0038,town
1590,"Svend_Christiernsøn,_søn_af_Inger",Male,"Malmø, Skånelandene",Witchcraft_or_Secret_Arts,No_charge_banishment_without_a_case,55.605,13.0038,town
1590,Bente_Hans_Madsen_Foermands,Female,"Malmø, Skånelandene",Witchcraft_or_Secret_Arts,Guilty_execution_of_burning_at_the_stake,55.605,13.0038,town
1590,Kirstine_Michils,Female,"Malmø, Skånelandene",Witchcraft_or_Secret_Arts,Guilty_execution_of_burning_at_the_stake,55.605,13.0038,town
1590,Kirstine_Bahequinde,Female,"Malmø, Skånelandene",Witchcraft_or_Secret_Arts,Guilty_Bbnishment,55.605,13.0038,town
1590,"Kirstine_Pallis,_også_kaldet_Bommels",Female,"Malmø, Skånelandene",Witchcraft_or_Secret_Arts,Guilty_execution_of_burning_at_the_stake,55.605,13.0038,town
1590,Mette_Christiem_Wiegiers,Female,"Malmø, Skånelandene",Witchcraft_or_Secret_Arts,Guilty_execution_of_burning_at_the_stake,55.605,13.0038,town
1590,Marine_Christiern_Poulsen_Galhierns,Female,"Malmø, Skånelandene",Witchcraft_or_Secret_Arts,Acquitted,55.605,13.0038,town
1590,Johanne_Anders_Reers_Buffelmager,Female,"Malmø, Skånelandene",Witchcraft_or_Secret_Arts_Denunciation,The_person_who_named_her_would_not_stand_by_the_statement,55.605,13.0038,town
1590,Margrete,Female,"Malmø, Skånelandene",Witchcraft_or_Secret_Arts_Defamation_case,Unknown,55.605,13.0038,town
1590,wife_til_Sonne_Nielszøn,Female,"Malmø, Skånelandene",Witchcraft_or_Secret_Arts_Denunciation,The_person_who_named_her_would_not_stand_by_the_statement,55.605,13.0038,town
1590,wife_til_Niels_Germundszøn,Female,"Malmø, Skånelandene",Witchcraft_or_Secret_Arts_Denunciation,The_person_who_named_her_would_not_stand_by_the_statement,55.605,13.0038,town
1590,Anne_Hinricks,Female,"Malmø, Skånelandene",Witchcraft_or_Secret_Arts_Denunciation,The_person_who_named_her_maintained_the_statement,55.605,13.0038,town
1590,Kirstine_Amtz,Female,"Malmø, Skånelandene",Witchcraft_or_Secret_Arts_Denunciation,The_person_who_named_her_maintained_the_statement,55.605,13.0038,town
1590,Hr._Peder,Female,"Malmø,  Tygelsjö, Skånelandene",Witchcraft_or_Secret_Arts_Denunciation,The_person_who_named_her_withdrew_the_statement,55.605,13.0038,town
1590,Matz_Lauritzøn,Male,"Malmø, Skånelandene",Witchcraft_or_Secret_Arts_Defamation_case,Unknown,55.605,13.0038,town
1590,Matz_Lauritzøns_mor,Female,"Malmø, Skånelandene",Witchcraft_or_Secret_Arts_Defamation_case,Unknown,55.605,13.0038,town
1591,"Hans,_degn_i_Jerne",Male,"Skast_Herred, Nørrejylland",Witchcraft,Guilty_execution_of_burning_at_the_stake,55.53,8.63,herred
1591,multiple_people,multiple_people,"Blekinge, Rønneby, Skånelandene",Witchcraft,Guilty_execution_of_burning_at_the_stake,56.2103,15.2758,town
1591,Unknown,Female,"Lund, Skånelandene",Witchcraft,Unknown,55.7047,13.191,town
1591,Margrete_Jacob_Skrivers,Female,"København, Sjælland",Witchcraft,Unknown,55.664265,12.5736138,original
1591,Else_Fændriks,Female,"Blekinge, Ronneby, Skånelandene",Witchcraft,Unknown,56.2103,15.2758,town
1591,Mindst_én_person,multiple_people,"Blekinge, Ronneby, Skånelandene",Witchcraft,Guilty_execution_of_burning_at_the_stake,56.2103,15.2758,town
1591,wife_til_Jens_Morsing,Female,"Malmø, Skånelandene",Witchcraft_or_Secret_Arts_Defamation_case,Settlement,55.605,13.0038,town
1591,wife_til_Jens_Bertilssøn,Female,"Malmø, Skånelandene",Witchcraft_or_Secret_Arts_Defamation_case,Unknown,55.605,13.0038,town
1591,Bente_Torsdotter,Female,"Malmø, Skånelandene",Witchcraft_or_Secret_Arts,Guilty_banishment_without_trial,55.605,13.0038,town
1591,Elline_Ibsdotter_Christiern_Snedkers,Female,"Malmø, Skånelandene",Witchcraft_or_Secret_Arts,Unknown,55.605,13.0038,town
1592,Margrete_Borringholms,Female,"Ysted, Bornholm, Skånelandene",Witchcraft,Unknown,55.9833,13.5833,region
1592,Margrete_Knud_Timmermands,Female,"Malmø, Skånelandene",Witchcraft_or_Secret_Arts_Defamation_case,Unknown,55.605,13.0038,town
1594,Moderen_til_Maren_Villumsdatter_Madum_Sogn,Female,"Hammerum_Herred, Nørrejylland",Witchcraft,Guilty_execution_of_burning_at_the_stake,56.13,8.97,herred
1595,Maren_Povlsdatter,Female,"Ribe, Tornum, Nørrejylland",Secret_Arts,Guilty_execution_of_burning_at_the_stake,55.3297,8.7671,town
1596,Mette_Madsdatter_datter_af_Karen_Jørgensdatter_Spandis,Female,"Båg_herred, Fyn",Witchcraft,Guilty_execution_of_burning_at_the_stake,55.3333,10.4167,region
1596,Karen_Jørgensdatter_Spandis,Female,"Båg_herred, Fyn",Witchcraft,Guilty_execution_of_burning_at_the_stake,55.3333,10.4167,region
1596,Ousse_Lauritzes,Male,"Sallinge_herred, Faaborg, Fyn",Witchcraft,Guilty_execution_of_burning_at_the_stake,55.1006,10.2439,town
1596,Maren_Hanses,Female,"Langeland, Fyn",Witchcraft,Guilty_execution_of_burning_at_the_stake,55.3333,10.4167,region
1596,"Kirstine,_Peder_Thygesens_wife",Female,"Langeland, Fyn",Witchcraft,Guilty_execution_of_burning_at_the_stake,55.3333,10.4167,region
1596-1598,Kirstin_Jenses,Female,"Bjerre_herred, Sejet, Nørrejylland",Witchcraft,Unknown,55.8833,9.8167,herred
1597,Jørgen_Jepsen,Male,"Skovby_herred, Ore_Birk, Fyn",Witchcraft,Guilty_execution_of_burning_at_the_stake,55.3333,10.4167,region
1597,Johanne_Jensis,Female,"Sallinge_herred, Fyn",Witchcraft,Guilty_execution_of_burning_at_the_stake,55.3333,10.4167,region
1597,Jens_Viborg,Male,"Kerteminde, Fyn",Witchcraft_Denunciation,The_case_was_to_be_taken_up_outcome_unknown,55.3600867,10.5894524,original
1597,Unknown,Female,"Kerteminde, Fyn",Witchcraft,Unknown,55.3600867,10.5894524,original
1598,"Karine,_Jørgen_Jepsens_wife",Female,"Skovby_herred, Ore_Birk, Fyn",Witchcraft,Guilty_execution_of_burning_at_the_stake,55.3333,10.4167,region
1598,Kirstine_Jensen_Foster_Moder,Female,"Brusk_herred, Sejet, Nørrejylland",Witchcraft,Guilty_execution_of_burning_at_the_stake,55.5333,9.6167,herred
1598,Doritte_Guldsmeds,Female,"Maribo, Lolland",Witchcraft,Unknown,54.7758018,11.5054333,original
1598,Karine_Wiegers,Female,"Malmø, Skånelandene",Witchcraft_or_Secret_Arts_Defamation_case,Settlement,55.605,13.0038,town
1598,"Manne_Jensdatter,_Bondequnde_af_Hördt",Female,"Malmø, Skånelandene,_Hördt",Witchcraft_or_Secret_Arts,Acquitted_or_banished,49.16583,8.32639,original
1598,Jakob_Slagter,Male,"Malmø, Skånelandene",Witchcraft_or_Secret_Arts,Settlement,55.605,13.0038,town
1599,Else_Ibs/Jensdatters_bror,Female,"Bølling_Herred, Nørrejylland",Witchcraft,Guilty_execution_of_burning_at_the_stake,56.07,8.73,herred
1600,Kirstine_Nebs,Female,"Hjerm_Herred, Nørrejylland",Witchcraft,Guilty_execution_of_burning_at_the_stake,56.42,8.55,herred
1600,Kvinde,Female,"Køge, Sjælland",Witchcraft,Guilty_execution_of_burning_at_the_stake,55.4565009,12.1818964,original
1601,Jesper_Degn,Male,"Hassing_Herred, Bedsted, Nørrejylland",Witchcraft,Guilty_execution_of_burning_at_the_stake,56.2639,9.5018,region
1601,Las_Bram,Male,"Kalundborg, Sjælland",Secret_Arts_and_Fraud,Guilty_To_be_punished_by_the_bailiff,55.6833793,11.0993619,original
1601,En_ung_dreng,Male,"Kalundborg, Sjælland",Secret_Arts_and_Fraud,Guilty_To_be_punished_by_the_bailiff,55.6833793,11.0993619,original
1601,En_ung_pige,Female,"Kalundborg, Sjælland",Secret_Arts_and_Fraud,Unknown,55.6833793,11.0993619,original
1601,Anders_Bager,Male,"Malmø, Skånelandene",Witchcraft_or_Secret_Arts_Defamation_case,Settlement,55.605,13.0038,town
1602,Unknown,Female,"Langeland, Fyn",Witchcraft,Guilty_execution_of_burning_at_the_stake,55.3333,10.4167,region
1602,Unknown,Female,"Langeland, Fyn",Witchcraft,Guilty_execution_of_burning_at_the_stake,55.3333,10.4167,region
1602,Maren_Niels_Christensens,Female,"Rudkøbing, Langeland",Witchcraft,Unknown,54.9377498,10.7167568,original
1602,Maren_Eriks,Female,"Næstved, Sjælland",Witchcraft,Guilty_Fled,55.2328252,11.7674102,original
1602,Else_Thues,Female,"Næstved, Sjælland",Witchcraft,Guilty_Fled,55.2328252,11.7674102,original
1602,Karen_Gregersdatter,Female,"Næstved, Sjælland",Witchcraft_Denunciation,Unknown,55.2328252,11.7674102,original
1602,Elline_Willumsdatter,Female,"Næstved, Sjælland",Witchcraft_Denunciation,Unknown,55.2328252,11.7674102,original
1602,Kirstine_Mules,Female,"Næstved, Sjælland",Witchcraft,No_charge_she_was_imprisoned_with_Maren_Eriks_and_Else_Thues_in_the_same_case_but_no_formal_charge_was_brought,55.2328252,11.7674102,original
1602,Elene_Peders,Female,"Køge, Sjælland",Witchcraft,Guilty_execution_of_burning_at_the_stake,55.4565009,12.1818964,original
1602,Kirsten_Snedkers,Female,"Køge, Sjælland",Witchcraft,Guilty_execution_of_burning_at_the_stake,55.4565009,12.1818964,original
1602,Maren_Jydekvinde,Female,"Køge, Sjælland",Witchcraft,Guilty_execution_of_burning_at_the_stake,55.4565009,12.1818964,original
1603,Unknown,Female,"Stevns, Strøby, Sjælland",Witchcraft_or_Secret_Arts,Unknown,55.3985214,12.28817,original
1603,Kone_til_Oluf_Knudsen,Female,"Stevns, Strøby, Sjælland",Witchcraft,Unknown,55.3985214,12.28817,original
1603,Inger_Hans_Jørgensen_af_Beddinge_Leje,Female,"Malmø, Beddinge_Leje, Skånelandene",Witchcraft_or_Secret_Arts,Guilty_banishment_without_trial,55.605,13.0038,town
1605,Gertrud_Laursdatter,Female,"Aalborg, Nørrejylland",Witchcraft,Guilty_banishment,57.0488,9.9217,town
1605,multiple_people,multiple_people,"Aalborg, Nørrejylland",Accomplice,Unknown,57.0488,9.9217,town
1605,Bådsmand_Rasmussens_kone_(Berit?),Female,"Aalborg, Nørrejylland",Accomplice,Unknown,57.0488,9.9217,town
1605,Else_Lessis,Female,"Malmø, Skånelandene",Witchcraft_or_Secret_Arts,Guilty_execution_of_burning_at_the_stake,55.605,13.0038,town
1605,Marine_Jep_Stisøns,Female,"Malmø, Skånelandene",Witchcraft_or_Secret_Arts,Guilty_execution_of_burning_at_the_stake,55.605,13.0038,town
1605,Margrethe_Nyborgs,Female,"Malmø, Skånelandene",Witchcraft_or_Secret_Arts,Guilty_execution_of_burning_at_the_stake,55.605,13.0038,town
1605,Karine_Saugskers,Female,"Malmø, Skånelandene",Witchcraft_or_Secret_Arts,Guilty_execution_of_burning_at_the_stake,55.605,13.0038,town
1605,Marine_Joens,Female,"Malmø, Skånelandene",Witchcraft_or_Secret_Arts,Acquitted,55.605,13.0038,town
1605,"Birgitte,_Marine_Joens_datter",Female,"Malmø, Skånelandene",Witchcraft_or_Secret_Arts,Acquitted,55.605,13.0038,town
1605,Kirstine_Peder_Truedsøns,Female,"Malmø, Skånelandene",Witchcraft_or_Secret_Arts,Guilty_execution_of_burning_at_the_stake,55.605,13.0038,town
1605,Boel_Hyllies,Female,"Malmø, Skånelandene",Witchcraft_or_Secret_Arts,Acquitted,55.605,13.0038,town
1607-08,Kirsten_Hansens,Female,"Faxe_Herred, Sjælland",Witchcraft,Guilty_execution_of_burning_at_the_stake,55.41667,11.83333,original
1608,Johanne_Tusindkierling,Female,"Halland, Skånelandene",Witchcraft,Guilty_execution_of_burning_at_the_stake,55.9833,13.5833,region
1609,Tyrre_Jensdatter,Female,"Uge, Lovtrup, Nørrejylland",Witchcraft,Guilty_execution_of_burning_at_the_stake,56.2639,9.5018,region
1609,Per_Jensen,Male,Nørrejylland,Witchcraft,Acquitted,56.4531684,9.4075049,original
1609,Karen_Lauritzdatter,Female,"Holsted, Nørrejylland",Witchcraft,Guilty_execution_of_burning_at_the_stake,55.5175,8.9236,town
1609,Else_Knudsdatter,Female,Nørrejylland,Witchcraft,Guilty_execution_of_burning_at_the_stake,56.4531684,9.4075049,original
1609,Buol_Persdatter,Female,Nørrejylland,Witchcraft,Guilty_execution_of_burning_at_the_stake,56.4531684,9.4075049,original
1609,Maren_Nielsdatter,Female,Nørrejylland,Witchcraft,Acquitted,56.4531684,9.4075049,original
1609,Kirsten_Jensdatter,Female,Nørrejylland,Witchcraft,Acquitted,56.4531684,9.4075049,original
1609,Mette_Mortens,Female,"Malt, Nørrejylland",Witchcraft,Guilty_execution_of_burning_at_the_stake,55.4333,8.9333,town
1609-1658,Karen_Peder_Druds,Female,"Sallinge_herred, Fyn",Witchcraft,Guilty_execution_of_burning_at_the_stake,55.3333,10.4167,region
1609,Unknown,Female,"Harre_Herred, Nørrejylland",Witchcraft,Guilty_execution_of_burning_at_the_stake,56.2639,9.5018,region
1609,Kvinden_Skege,Female,"Slangerup, Sjælland",Witchcraft,Guilty_execution_of_burning_at_the_stake,55.41667,11.83333,original
1609,Boel_Pedersdatter,Female,"Malmø, Skånelandene",Witchcraft_or_Secret_Arts,Guilty_Banishment,55.605,13.0038,town
1610,Maren_Hansdatter,Female,Nørrejylland,Witchcraft,Guilty_execution_of_burning_at_the_stake,56.4531684,9.4075049,original
1610,Gunder_Brixis,Female,"Oksby, Nørrejylland",Witchcraft,Guilty_execution_of_burning_at_the_stake,55.5975,8.1236,town
1610,Maren_Jeggers,Female,"Oksby, Nørrejylland",Witchcraft,Guilty_execution_of_burning_at_the_stake,55.5975,8.1236,town
1610,Maren_Sørens,Female,"Kærgård_birk, Nørrejylland",Witchcraft,Guilty_execution_of_burning_at_the_stake,56.2639,9.5018,region
1610,Kirsten_Nielsdatter_Pouls,Female,"Grimstrup, Nørrejylland",Witchcraft,Guilty_execution_of_burning_at_the_stake,55.55,8.6333,town
1610,Karen_Suendsdatter,Female,Nørrejylland,Witchcraft,Acquitted,56.4531684,9.4075049,original
1610,Apelone_Klausdatter,Female,"Malt, Malt_herred, Nørrejylland",Witchcraft,Guilty_execution_of_burning_at_the_stake,55.4333,8.9333,town
1610,Ingeborg_Harchis,Female,"Ribe, Nørrejylland",Witchcraft,Guilty_execution_of_burning_at_the_stake,55.3297,8.7671,town
1610,Else_Peder_Mortensens,Female,"Ribe, Nørrejylland",Witchcraft_Denunciation_case,Acquitted,55.3297,8.7671,town
1610,Bodild_Harchisdatter,Female,"Ribe, Nørrejylland",Witchcraft,Acquitted,55.3297,8.7671,town
1610,Anne_Niels_Skyttes,Female,"Skast_Herred, Toftnæs, Nørrejylland",Witchcraft_Denunciation,Unknown,55.53,8.63,herred
1610,Anne_Kanniks,Female,"Skast_Herred, Sjælborg, Nørrejylland",Witchcraft_Denunciation,Unknown,55.53,8.63,herred
1611,Jens_Hansen_Rusk,Male,"Lønne, Nørrejylland",Witchcraft,Guilty_execution_of_burning_at_the_stake,55.7333,8.2333,town
1611,Maren_Chrestens,Female,"Holsted, Nørrejylland",Witchcraft,Guilty_execution_of_burning_at_the_stake,55.5175,8.9236,town
1611,Niels_Christensen,Male,Nørrejylland,Witchcraft,Acquitted,56.4531684,9.4075049,original
1611,Johane_Nielskone,Female,"Varde, Nørrejylland",Witchcraft,Guilty_execution_of_burning_at_the_stake,55.6212,8.4813,town
1612,Maren_Nielsdatter_Knep,Female,"Aalborg, Nørrejylland",Witchcraft,Guilty_execution_of_burning_at_the_stake,57.0488,9.9217,town
1612,Mette_Pedersdatter,Female,"Aalborg, Nørrejylland",Witchcraft,Guilty_execution_of_burning_at_the_stake,57.0488,9.9217,town
1612,Apelone_lbsdatter,Female,"Aalborg, Nørrejylland",Witchcraft,Unknown,57.0488,9.9217,town
1612-1661,Bodil_Hansis,Female,"Ramsø_Herred, Vilgestrup, Sjælland",Witchcraft,Guilty_execution_of_burning_at_the_stake,55.5206,12.10621,original
1612-1661,Peder_Degn,Male,"Ods_Herred, Sjælland",Witchcraft,Guilty_execution_of_burning_at_the_stake,55.41667,11.83333,original
1612-1661,Gunder_Erik_Madsens,Female,"Ods_Herred, Sjælland",Witchcraft,Guilty_execution_of_burning_at_the_stake,55.41667,11.83333,original
1612-1661,Anne_Loumis_Petersens,Female,"Ods_Herred, Sjælland",Witchcraft,Guilty_execution_of_burning_at_the_stake,55.41667,11.83333,original
1612-1661,Poul_Mortensens_kone,Female,"Ods_Herred, Sjælland",Witchcraft,Guilty_execution_of_burning_at_the_stake,55.41667,11.83333,original
1612-1661,Anders_Skomager,Male,"Ods_Herred, Sjælland",Witchcraft,Guilty_execution_of_burning_at_the_stake,55.41667,11.83333,original
1612-1661,Mads_Olsens_kone,Female,"Bårse_Herred, Sjælland",Witchcraft,Guilty_execution_of_burning_at_the_stake,55.41667,11.83333,original
1612,Kirsten_Jægers,Female,"Skast_Herred, Hostrup, Nørrejylland",Witchcraft,Unknown,55.53,8.63,herred
1612,Johanne_Andersdatter_Thomeses,Female,"Køge, Sjælland",Witchcraft,Guilty_execution_of_burning_at_the_stake,55.4565009,12.1818964,original
1612,Kirsten_Lauridsdatter,Female,"Køge, Sjælland",Witchcraft,Guilty_execution_of_burning_at_the_stake,55.4565009,12.1818964,original
1612,Boel_Peders_af_Egøje,Female,"Køge, Sjælland",Witchcraft,Guilty_execution_of_burning_at_the_stake,55.4565009,12.1818964,original
1612,Datteren_til_Boel_Peders_af_Egøjes,Female,"Køge, Sjælland",Witchcraft,Guilty_execution_of_burning_at_the_stake,55.4565009,12.1818964,original
1612,Mette_Banghors,Female,"Køge, Sjælland",Witchcraft,Guilty_execution_of_burning_at_the_stake,55.4565009,12.1818964,original
1613,Suend_Quinnsmand,Male,Nørrejylland,Witchcraft,Guilty_execution_of_burning_at_the_stake,56.4531684,9.4075049,original
1613,Anne_Anders_Snedkers,Female,Nørrejylland,Witchcraft,Guilty_execution_of_burning_at_the_stake,56.4531684,9.4075049,original
1613,Maren_Jensdatter,Female,Nørrejylland,Witchcraft,Guilty_execution_of_burning_at_the_stake,56.4531684,9.4075049,original
1613,Kirsten_Ollesdatter,Female,Nørrejylland,Witchcraft,Guilty_execution_of_burning_at_the_stake,56.4531684,9.4075049,original
1613,Inger_Sørens,Female,Nørrejylland,Witchcraft,Acquitted,56.4531684,9.4075049,original
1613,Anne_Christophersdatter,Female,Nørrejylland,Witchcraft,Guilty_execution_of_burning_at_the_stake,56.4531684,9.4075049,original
1613,Jens_Bertelsen,Male,"Sønderside, Nørrejylland",Witchcraft,Unknown,56.2639,9.5018,region
1613,Chresten_Bertelsen,Male,"Ebeltoft, Nørrejylland",Witchcraft,Guilty_execution_of_burning_at_the_stake,56.1957,10.6836,town
1613,Inger_Herdesquinde,Female,Nørrejylland,Witchcraft,Guilty_execution_of_burning_at_the_stake,56.4531684,9.4075049,original
1613,Karen_Matzes,Female,"Ebeltoft, Nørrejylland",Witchcraft,Guilty_execution_of_burning_at_the_stake,56.1957,10.6836,town
1613,Chresten_Marquordsen,Male,"Tørrild, Tørrild_herred, Nørrejylland",Witchcraft,Acquitted,55.7833,9.25,herred
1613,Kirsten_Pallisdatter,Female,"Billum, Kjelst, Nørrejylland",Witchcraft,Guilty_execution_of_burning_at_the_stake,56.2639,9.5018,region
1613,Anne_Lourups,Female,"Ribe, Nørrejylland",Witchcraft,Guilty_execution_of_burning_at_the_stake,55.3297,8.7671,town
1613,Chresten_Marquordsens_wife,Female,"Tørrild, Tørrild_herred, Nørrejylland",Witchcraft,Acquitted,55.7833,9.25,herred
1613-1614,Kirsten_Mads_Mortensens,Female,"Tryggevælde_Len, Sjælland",Witchcraft,Guilty_execution_of_burning_at_the_stake,55.41667,11.83333,original
1613-1614,Christen_Kræmmer,Male,"Tryggevælde_Len, Sjælland",Witchcraft,Guilty_execution_of_burning_at_the_stake,55.41667,11.83333,original
1613-1614,Christen_Kræmmers_wife,Female,"Tryggevælde_Len, Sjælland",Witchcraft,Guilty_execution_of_burning_at_the_stake,55.41667,11.83333,original
1613-1614,Maren_Ringsbjerg,Female,"Tryggevælde_Len, Sjælland",Witchcraft,Guilty_execution_of_burning_at_the_stake,55.41667,11.83333,original
1613-1614,Christen_Møllers_wife,Female,"Nykøbing, Nørrejylland",Witchcraft,Guilty_execution_of_burning_at_the_stake,56.7969,8.8608,town
1613,Pus_Maren,Female,"Fanø, Nørrejylland",Witchcraft,Guilty_execution_of_burning_at_the_stake,55.4394,8.4131,town
1613,Unknown,Unknown,"København, Køge, Sjælland",Witchcraft,Guilty_execution_of_burning_at_the_stake,55.45802,12.18214,original
1613,Unknown,Female,"Helsingør, Sjælland",Witchcraft_or_Secret_Arts,Banishment_banished_immediately_without_trial,56.0347693,12.6133829,original
1613,Unknown,Female,"Helsingør, Sjælland",Witchcraft_or_Secret_Arts,Banishment_banished_immediately_without_trial,56.0347693,12.6133829,original
1613,Anne_Olufs,Female,"Køge, Sjælland",Witchcraft,Guilty_execution_of_burning_at_the_stake,55.4565009,12.1818964,original
1613,Annike_Christoffersdatter,Female,"Køge, Sjælland",Witchcraft,Guilty_execution_of_burning_at_the_stake,55.4565009,12.1818964,original
1613,Karen_Eriks,Female,"Køge, Sjælland",Witchcraft,Guilty_execution_of_burning_at_the_stake,55.4565009,12.1818964,original
1613,Maren_Bysvends,Female,"Køge, Sjælland",Witchcraft,Guilty_execution_of_burning_at_the_stake,55.4565009,12.1818964,original
1614,Else_Peder_Mortensens,Female,"Ribe, Nørrejylland",Witchcraft,Acquitted,55.3297,8.7671,town
1614,Bodild_Harchisdatter,Female,"Ribe, Nørrejylland",Witchcraft,Guilty_execution_of_burning_at_the_stake,55.3297,8.7671,town
1614,Karen_Kallis,Female,"Ribe, Nørrejylland",Witchcraft,Acquitted,55.3297,8.7671,town
1614,Apelones_Karen_Simensdatter,Female,"Ho, Sønderside, Nørrejylland",Witchcraft,Guilty_execution_of_burning_at_the_stake,56.2639,9.5018,region
1614,Maren_Chresten_Nissens,Female,"Skast_Herred, Toftnæs, Nørrejylland",Witchcraft,Unknown,55.53,8.63,herred
1614,Maren_Knuds,Female,"Vester_Horne_Herred, Oksby, Nørrejylland",Witchcraft,Guilty_execution_of_burning_at_the_stake,55.5975,8.1236,town
1614,Johanne_Velaskone,Female,"Vester_Horne_Herred, Skødstrup-Al, Nørrejylland",Witchcraft,Unknown,55.61,8.26,herred
1614,Maren_Nigerpande_Pedersdatter,Female,"Vester_Horne_Herred, Oksby, Nørrejylland",Witchcraft,Unknown,55.5975,8.1236,town
1614,Ellen_Klemens,Female,"Varde, Nørrejylland",Witchcraft,Unknown,55.6212,8.4813,town
1614,Johanne_Murmesters,Female,"Køge, Sjælland",Witchcraft,Guilty_execution_of_burning_at_the_stake,55.4565009,12.1818964,original
1614,Birgitte_Strickens,Female,"Malmø, Skånelandene",Witchcraft_or_Secret_Arts,Guilty_execution_of_burning_at_the_stake,55.605,13.0038,town
1614,Johanne_Mortensdatter,Female,"Malmø, Skånelandene",Witchcraft_or_Secret_Arts,Guilty_execution_of_burning_at_the_stake,55.605,13.0038,town
1614,Voldborg_Tommisdatter_af_Vintrie,Female,"Malmø, Skånelandene,_Vintrie",Witchcraft_or_Secret_Arts,Guilty_execution_of_burning_at_the_stake,55.55,12.96667,original
1614,Johanne_Olufsdatter_Poul_Tidemands,Female,"Malmø, Skånelandene",Witchcraft_or_Secret_Arts,Acquitted,55.605,13.0038,town
1614,Margrete_Lauridsdatter,Female,"Malmø, Skånelandene",Witchcraft_or_Secret_Arts,Guilty_execution_of_burning_at_the_stake,55.605,13.0038,town
1614,Sidse_Andersdatter,Female,"Malmø, Skånelandene",Witchcraft_or_Secret_Arts_Denunciation,The_person_who_named_her_withdrew_the_statement,55.605,13.0038,town
1615,Morten_Nielsen,Male,"Ho, Sønderside, Nørrejylland",Witchcraft,Guilty_execution_of_burning_at_the_stake,56.2639,9.5018,region
1615,Else_Holtungs,Female,"Køge, Sjælland",Witchcraft,Guilty_execution_of_burning_at_the_stake,55.4565009,12.1818964,original
1615,Birgitte_Rokkemagers,Female,"Køge, Sjælland",Witchcraft,Guilty_execution_of_burning_at_the_stake,55.4565009,12.1818964,original
1615,Mette_Navns,Female,"Køge, Sjælland",Witchcraft,Guilty_execution_of_burning_at_the_stake,55.4565009,12.1818964,original
1615,Peder_Skriffuer,Male,"Malmø, Skånelandene",Witchcraft_or_Secret_Arts_Defamation_case,Settlement_this_also_included_an_obligation_directed_against_the_accusers,55.605,13.0038,town
1616,Anne_Thamiskone,Female,"Ål, Gjedbjerg, Nørrejylland",Witchcraft_Denunciation_case,Acquitted,56.2639,9.5018,region
1616,Maren_Piersdatter,Female,"Øster-Jølby, Vester_Jølby, Nørrejylland",Witchcraft,Guilty_execution_of_burning_at_the_stake,56.2639,9.5018,region
1616,Margret_Chrestensdatter,Female,"Stagstrup, Nørrejylland",Witchcraft,Guilty_execution_of_burning_at_the_stake,56.2639,9.5018,region
1616,Anne_Chrestensdatter_Fejquone,Female,"Understed, Understed_Brænils_hus, Nørrejylland",Witchcraft,Acquitted,57.4,10.4167,town
1616,Anne_Lundtz,Female,"Skagen, Nørrejylland",Witchcraft,Acquitted,57.7208,10.5843,town
1616,Kirsten_Thamisdatter,Female,"Øland, Øster_By_på_Øland, Nørrejylland",Witchcraft,Guilty_execution_of_burning_at_the_stake,56.2639,9.5018,region
1616,Elle_Jensdatter,Female,"Stagstrup, Nørrejylland",Witchcraft,Guilty_execution_of_burning_at_the_stake,56.2639,9.5018,region
1616,Karin_Piersdatter_Suortkone,Female,"Nykøbing, Nørrejylland",Witchcraft,Acquitted,56.7969,8.8608,town
1616,Unknown,Female,"Odense, Fyn",Witchcraft,Unknown,55.371595,10.4484615,original
1617,Karen_Andersdatter_Føutin,Female,"Djursland, Nørrejylland",Witchcraft,Guilty_execution_of_burning_at_the_stake,56.2639,9.5018,region
1617,Else_Ibsdatter_Husskone,Female,"Sønder-Lem, Sdr_Lem, Nørrejylland",Witchcraft,Guilty_execution_of_burning_at_the_stake,56.2639,9.5018,region
1617,Barbara_Nielsdatter,Female,"Læsø, Vester_sogn, Nørrejylland",Witchcraft,Acquitted,57.2667,11.0,town
1617,Zisell_Peders,Female,"Varde, Nørrejylland",Witchcraft_Denunciation_case,Acquitted,55.6212,8.4813,town
1617,Bergete_Nielskone,Female,"Varde, Nørrejylland",Witchcraft_Denunciation_case,Acquitted,55.6212,8.4813,town
1617,Apellonie_Pouiels_Thamisdatter,Female,"Varde, Nørrejylland",Witchcraft_Denunciation_case,Acquitted,55.6212,8.4813,town
1617,Siede_Chrestensdatter_Wefferquone,Female,"Veggerby, Brested, Nørrejylland",Witchcraft,Guilty_execution_of_burning_at_the_stake,56.2639,9.5018,region
1617,Buoll_Ibsdatter_Hoffuens,Female,"Todbjerg, Nørrejylland",Witchcraft,Guilty_execution_of_burning_at_the_stake,56.2639,9.5018,region
1617,Sisell_Chrestens,Female,"Hostrup, Nørrejylland",Witchcraft,Guilty_execution_of_burning_at_the_stake,56.2639,9.5018,region
1617,Maren_Knuds,Female,"Varde, Nørrejylland",Witchcraft_Denunciation_case,Acquitted,55.6212,8.4813,town
1617,Ane_Ibskone,Female,"Stadil, Allerum, Nørrejylland",Witchcraft,Acquitted,56.2639,9.5018,region
1617,Maren_Joens,Female,"Vindblæs, Lystrup, Nørrejylland",Witchcraft,Guilty_execution_of_burning_at_the_stake,56.2639,9.5018,region
1617,Ane_Jensdatter,Female,"Grenå, Nørrejylland",Witchcraft,Guilty_execution_of_burning_at_the_stake,56.4167,10.8833,town
1617,Maren_Jørgensdatter,Female,"Stavning,_Stauning, Nørrejylland",Witchcraft,Guilty_execution_of_burning_at_the_stake,56.2639,9.5018,region
1617,Peder_Offesen,Male,"Højen, Højenskov, Nørrejylland",Witchcraft,Unknown,56.2639,9.5018,region
1617,Inger_Peders,Female,"Højen, Højenskov, Nørrejylland",Witchcraft,Unknown,56.2639,9.5018,region
1617,Terkell_Pedersen,Male,"Højen, Højenskov, Nørrejylland",Witchcraft,Unknown,56.2639,9.5018,region
1617,Karen_Tamesdatter,Female,"Vester_Assels, Nørrejylland",Witchcraft,Acquitted,56.2639,9.5018,region
1617,Gunder_Hanskone,Female,"Ål, Billumvad, Nørrejylland",Witchcraft,Guilty_execution_of_burning_at_the_stake,56.2639,9.5018,region
1617,Johane_Rasmusdatter_Thusens,Female,"Koed, Nørrejylland",Witchcraft,Guilty_execution_of_burning_at_the_stake,56.2639,9.5018,region
1617,Peder_Rasmussen,Male,"Todbjerg, Nørrejylland",Witchcraft,Guilty_execution_of_burning_at_the_stake,56.2639,9.5018,region
1617,Mette_Mikkelsdatter,Female,"Enslev, Kirial, Nørrejylland",Witchcraft,Acquitted,56.2639,9.5018,region
1617,Maren_Justdatter,Female,"Århus, Nørrejylland",Witchcraft_Denunciation_case,Acquitted,56.1629,10.2039,town
1617,Kirsten_Olufs,Female,"Kvong, Nørrejylland",Witchcraft,Settlement,56.2639,9.5018,region
1617,Diunes_Sørensen,Male,"Alslev, Nørrejylland",Witchcraft,Guilty_execution_of_burning_at_the_stake,56.2639,9.5018,region
1617,Ane_Nielsdatter_Gamell_moder,Female,"Vive, Nørrejylland",Witchcraft,Guilty_execution_of_burning_at_the_stake,56.7833,10.1,town
1617,Kiersten_Andersdatter_Huid,Female,"Voldby, Thorsø, Nørrejylland",Witchcraft,Guilty_execution_of_burning_at_the_stake,56.2639,9.5018,region
1617,Giertrud_Chrestensdatter_Ringlifyr,Female,"Ebeltoft, Nørrejylland",Witchcraft,Acquitted,56.1957,10.6836,town
1617,lnger_Winter,Female,"Tune_Herred, Jersie, Sjælland",Witchcraft,Guilty_execution_of_burning_at_the_stake,55.52507,12.16435,original
1617,Birgitte_Anders,Female,"Vordingborg, Sjælland",Witchcraft,Guilty_execution_of_burning_at_the_stake,55.0102518,11.9097478,original
1617,Maren_Lasses,Female,"Vordingborg, Sjælland",Witchcraft,Guilty_execution_of_burning_at_the_stake,55.0102518,11.9097478,original
1617,Mikkel_Chrestensen,Male,"Skast_Herred, Hostrup, Nørrejylland",Witchcraft,Unknown,55.53,8.63,herred
1617,Line_Vidschis,Female,"Varde, Nørrejylland",Witchcraft,Unknown,55.6212,8.4813,town
1617,Karen_Chrestens,Female,"Varde, Nørrejylland",Witchcraft,Unknown,55.6212,8.4813,town
1617,Abelone_Poulskone,Female,"Varde, Nørrejylland",Witchcraft,Unknown,55.6212,8.4813,town
1618,Maren_Pouelsdatter,Female,"Ringkøbing, Nørrejylland",Witchcraft,Guilty_execution_of_burning_at_the_stake,56.09,8.2464,town
1618,Buold_Jensdatter_Kleiens,Female,"Mariager, Nørrejylland",Witchcraft,Guilty_execution_of_burning_at_the_stake,56.6472,9.9822,town
1618,Karen_Sørensdatter_Kachis,Female,"Mariager, Nørrejylland",Witchcraft_Denunciation_case,Acquitted,56.6472,9.9822,town
1618,Maren_Nielsdatter_Knuds,Female,"Mariager, Nørrejylland",Witchcraft,Acquitted,56.6472,9.9822,town
1618,Ane_Jensdatter,Female,"Mariager, Nørrejylland",Witchcraft,Acquitted,56.6472,9.9822,town
1618,Gunder_Jensdatter,Female,"Villerslev, Nørrejylland",Witchcraft,Guilty_execution_of_burning_at_the_stake,56.2639,9.5018,region
1618,Mette_Pedersdatter,Female,"Ulsted, Nørrejylland",Witchcraft,Guilty_execution_of_burning_at_the_stake,56.2639,9.5018,region
1618,Lauritz_Espersen_Hiffuelmand,Male,"Mariager, Nørrejylland",Witchcraft,Acquitted,56.6472,9.9822,town
1618,Lauritz_Espersen_Hiffuelmand,Male,"Mariager, Nørrejylland",Witchcraft,Acquitted,56.6472,9.9822,town
1618,Kirsten_Chresten_Pedersen_Skrædders,Female,"Vindblæs, Ajstrup, Nørrejylland",Witchcraft_Denunciation_case,Acquitted,56.2639,9.5018,region
1618,Bergitte_Las_Sørensens,Female,"Vindblæs, Ajstrup, Nørrejylland",Witchcraft_Denunciation_case,Acquitted,56.2639,9.5018,region
1618,Paasche_Rasmussen,Male,"Sønder-Lem, Karsbæk, Nørrejylland",Witchcraft,Guilty_execution_of_burning_at_the_stake,56.2639,9.5018,region
1618,Karen_Persdatter,Female,"Aså-Melholt, Gjerå, Nørrejylland",Witchcraft,Guilty_execution_of_burning_at_the_stake,56.2639,9.5018,region
1618,Maren_Sørensdatter_Andersis_Allerød,Female,"Hundslund, Nørrejylland",Witchcraft,Guilty_execution_of_burning_at_the_stake,56.2639,9.5018,region
1618,Peder_Sørensen_Gjedsted,Male,"Læsten, Nørrejylland",Witchcraft,Guilty_execution_of_burning_at_the_stake,56.2639,9.5018,region
1618,Ane_Pedersdatter_Lampens,Female,"Vadum, V._Kalve, Nørrejylland",Witchcraft,Guilty_execution_of_burning_at_the_stake,56.2639,9.5018,region
1618,Giertrud_Kreensdatter,Female,"Ravnstrup, Nørrejylland",Witchcraft,Acquitted,56.2639,9.5018,region
1618,Maren_Brandtiis,Female,"Dallerup, Nørrejylland",Witchcraft,Guilty_execution_of_burning_at_the_stake,56.2639,9.5018,region
1618,Mette_Lauritzdatter_Kongens_Hiordequinde,Female,"Ørting, Nørrejylland",Witchcraft,Guilty_execution_of_burning_at_the_stake,56.2639,9.5018,region
1618,Maren_Lyrings,Female,"Ovsted, Tebbestrup, Nørrejylland",Witchcraft,Guilty_execution_of_burning_at_the_stake,56.2639,9.5018,region
1618,Rasmus_Jensen_Grindo,Male,"Lemvig, Nørrejylland",Witchcraft,Guilty_execution_of_burning_at_the_stake,56.5497,8.3086,town
1618,Kirsten_Chrestensdatter,Female,"Holstebro, Nørrejylland",Witchcraft,Acquitted,56.2639,9.5018,region
1618,Kiesten_Nielsdatter_Snedker,Female,"Viborg, Nørrejylland",Witchcraft,Guilty_execution_of_burning_at_the_stake,56.4531684,9.4075049,original
1618,Knud_Nielsen_Gryder,Male,"Odder, Nørrejylland",Witchcraft,Guilty_execution_of_burning_at_the_stake,56.2639,9.5018,region
1618,Karen_Morten,Female,"Alrø, Nørrejylland",Witchcraft,Guilty_execution_of_burning_at_the_stake,56.2639,9.5018,region
1618,Karen_Jenses,Female,"Hundslund, Suinballe, Nørrejylland",Witchcraft_Denunciation_case,Acquitted,56.2639,9.5018,region
1618,Mette_Piersdatter_Bagerkone,Female,"Hundslund, Nørrejylland",Witchcraft,Acquitted,56.2639,9.5018,region
1618,Sitzell_Jensdatter_Lamb_Sitzell,Female,"Randlev, Nørrejylland",Witchcraft,Guilty_execution_of_burning_at_the_stake,56.2639,9.5018,region
1618,Anne_Ollkuone,Female,"Hørning, Fregerslev, Nørrejylland",Witchcraft,Guilty_execution_of_burning_at_the_stake,56.2639,9.5018,region
1618,Kiersten_Lisbierigs,Female,"Skanderup, Nørrejylland",Witchcraft,Guilty_execution_of_burning_at_the_stake,56.2639,9.5018,region
1618,Maren_Jepsdatter,Female,"Ørridslev, Nørrejylland",Witchcraft_Denunciation_case,Acquitted,56.2639,9.5018,region
1618,Inger_Michels,Female,"Falling, Vads_Mølle, Nørrejylland",Witchcraft_Denunciation_case,Acquitted,56.2639,9.5018,region
1618,Inger_Michels,Female,"Falling, Vads_Mølle, Nørrejylland",Witchcraft_Denunciation_case,Acquitted,56.2639,9.5018,region
1618,Offue_Sørensen,Male,"Falling, Halkjær, Nørrejylland",Witchcraft_Denunciation_case,Acquitted,56.2639,9.5018,region
1618,Else_Jenses,Female,"Hundslund, Nørrejylland",Witchcraft_Denunciation_case,Acquitted,56.2639,9.5018,region
1618,Jens_Sørensen,Male,"Ørting, Nørrejylland",Witchcraft_Denunciation_case,Acquitted,56.2639,9.5018,region
1618,Maren_Jensdatter,Female,"Rindum, Rindom, Nørrejylland",Witchcraft,Guilty_execution_of_burning_at_the_stake,56.1017,8.2433,town
1618,Mette_Ankersdatter_Loses,Female,"Kolding, Nørrejylland",Witchcraft,Guilty_execution_of_burning_at_the_stake,55.4904,9.4721,town
1618,Mette_Mikkels_Skibsbygger,Female,"Kolding, Nørrejylland",Witchcraft,Guilty_execution_of_burning_at_the_stake,55.4904,9.4721,town
1618,Else_Offersdatter,Female,"Holstebro, Nørrejylland",Witchcraft,Acquitted,56.2639,9.5018,region
1618,Anne_Jeppes,Female,"Tåning, Søballe, Nørrejylland",Witchcraft,Guilty_execution_of_burning_at_the_stake,56.2639,9.5018,region
1618,Maren_Throffuelses,Female,"Bryrup, Brørup, Nørrejylland",Witchcraft_Denunciation_case,Acquitted,55.4778,8.9861,town
1618,Bergeti_Ibsdatter,Female,"Hylke, Ustrup, Nørrejylland",Witchcraft_Denunciation_case,Acquitted,56.2639,9.5018,region
1618,Maren_Pouels_Sømbtøyet,Female,"Gylling, Søby, Nørrejylland",Witchcraft,Guilty_execution_of_burning_at_the_stake,56.2639,9.5018,region
1618,Maren_Lauridzes,Female,"Hundslund, Thudstrup, Nørrejylland",Witchcraft,Guilty_execution_of_burning_at_the_stake,56.2639,9.5018,region
1618,Anne_Chrestensdatter,Female,"Rye, Ry, Nørrejylland",Witchcraft,Acquitted,56.2639,9.5018,region
1618,Appeloni_Milchers,Female,"Sønder-Lem, Sdr._Lem, Nørrejylland",Witchcraft,Guilty_execution_of_burning_at_the_stake,56.2639,9.5018,region
1618,Kiersten_Lauritzdatter_Fassiis,Female,"Viborg, Nørrejylland",Witchcraft,Guilty_execution_of_burning_at_the_stake,56.4531684,9.4075049,original
1618,Johane_Tamesdatter,Female,"Skive, Nørrejylland",Witchcraft,Acquitted,56.5667,9.0333,town
1618,Buold_Møllerkone,Female,"Elling, Jerup-Lerbæk, Nørrejylland",Witchcraft,Guilty_execution_of_burning_at_the_stake,57.45,10.4667,town
1618,Johane_Lauritzdatter_Knepes,Female,"Kobberup, Tastum, Nørrejylland",Witchcraft,Acquitted,56.2639,9.5018,region
1618,Jnge_Maltesquone,Female,"Kobberup, Ildsøe, Nørrejylland",Witchcraft,Acquitted,56.2639,9.5018,region
1618,Mergritt_Offuidtzdatter_Munkis,Female,"Aarhus, Nørrejylland",Witchcraft,Guilty_execution_of_burning_at_the_stake,56.1629,10.2039,town
1618,Mette_Sørens,Female,"Gylding, Nørrejylland",Witchcraft_Denunciation_case,Acquitted,56.2639,9.5018,region
1618,Simen_Degenn,Male,"Falling, Gylding, Nørrejylland",Witchcraft_Denunciation_case,Acquitted,56.2639,9.5018,region
1618,Maren_Michels,Female,"Halling, Nørrejylland",Witchcraft_Denunciation_case,Acquitted,56.2639,9.5018,region
1618,Karen_Rasmusses_Fischekone,Female,"Gylding, Nørrejylland",Witchcraft_Denunciation_case,Acquitted,56.2639,9.5018,region
1618,Anne_Sørens,Female,"Gylding, Nørrejylland",Witchcraft_Denunciation_case,Acquitted,56.2639,9.5018,region
1618,Maren_Jenses,Female,"Gylling, Fendsten, Nørrejylland",Witchcraft_Denunciation_case,Acquitted,56.2639,9.5018,region
1618,Mette_Michels,Female,"Saksild, Kysing, Nørrejylland",Witchcraft_Denunciation_case,Acquitted,56.2639,9.5018,region
1618,Dorthe_Rasmusis,Female,"Kollerup, Hygum, Nørrejylland",Witchcraft,Acquitted,56.2639,9.5018,region
1618,Johane_Loduigsdatter/Lauritzdatter,Female,"Brønderslev, Vester_Brønderslev, Nørrejylland",Witchcraft,Acquitted,57.2686,9.95,town
1618,Thamis_Jensen,Male,"Lydbæk, Nørrejylland",Witchcraft,Acquitted,56.2639,9.5018,region
1618,Johane_Pallis,Female,"Stavning,_Vognbjerg, Nørrejylland",Witchcraft_Denunciation_case,Acquitted,56.2639,9.5018,region
1618,Kiersten_Chrestensdatter_Bundtz,Female,"Viborg, Nørrejylland",Witchcraft,Acquitted,56.4531684,9.4075049,original
1618,Sisell_Nielsdatter_Lauridtz,Female,"Skanderup, Forlev, Nørrejylland",Witchcraft_Denunciation_case,Acquitted,56.2639,9.5018,region
1618,Niels_Sørensen,Male,"Ørting, Nørrejylland",Witchcraft_Denunciation_case,Acquitted,56.2639,9.5018,region
1618,Maren_Lauridskone,Female,"Skast_Herred, Hostrup, Nørrejylland",Witchcraft,Unknown,55.53,8.63,herred
1618,Kirsten_Nielskone,Female,"Skast_Herred, Hostrup, Nørrejylland",Witchcraft,Unknown,55.53,8.63,herred
1618,Maren_Lauritskone,Female,"Skast_Herred, Hostrup, Nørrejylland",Witchcraft,Unknown,55.53,8.63,herred
1618,Maren_Peders,Female,"Skast_Herred, Hostrup, Nørrejylland-Øse",Witchcraft,Unknown,55.53,8.63,herred
1618,Peder_Hemmingsen_Kiusse,Male,"Vordingborg, Sjælland",Secret_Arts,Guilty_To_be_punished_by_the_bailiff,55.0102518,11.9097478,original
1618-1619,Karen_Rasmusdatter,Female,"Skanderborg, Hundslund, Nørrejylland",Witchcraft_or_Secret_Arts,Unknown,56.0357,9.9316,town
1618-1619,Villads_Hyrde,Male,"Skanderborg, Ry, Nørrejylland",Witchcraft_or_Secret_Arts,Unknown,56.0357,9.9316,town
1618-19,Anne_Åkvinde,Female,"Skanderborg_Aakær_len, Jeksen, Nørrejylland",Witchcraft,Unknown,56.2639,9.5018,region
1618-29,Maren_Lovring,Female,"Skanderborg-Aakær_len, Skårup, Nørrejylland",Witchcraft,Unknown,56.0357,9.9316,herred
1618,Kirstine_Föytens,Female,"Malmø, Skånelandene",Witchcraft_or_Secret_Arts,Guilty_execution_of_burning_at_the_stake_or_suicide,55.605,13.0038,town
1618,"Marine_Jensdattert,_kaldet_Fröcken",Female,"Malmø, Skånelandene",Witchcraft_or_Secret_Arts,Acquitted_or_banished,55.605,13.0038,town
1618,Sidse_Pedersdatter,Female,"Malmø, Skånelandene",Witchcraft_or_Secret_Arts,Guilty_execution_of_burning_at_the_stake,55.605,13.0038,town
1618,Karine_Fönboe,Female,"Malmø, Skånelandene",Witchcraft_or_Secret_Arts_Denunciation,The_person_who_named_her_withdrew_the_statement,55.605,13.0038,town
1618,Margrete,Female,"Malmø, Skånelandene",Witchcraft_or_Secret_Arts_Denunciation,The_person_who_named_her_withdrew_the_statement,55.605,13.0038,town
1619,Anne_Thamiskone,Female,"Ål, Gjedbjerg, Nørrejylland",Witchcraft_Denunciation_case,Acquitted,56.2639,9.5018,region
1619,Anne_Thamiskone,Female,"Ål, Gedbjerg, Nørrejylland",Witchcraft_Denunciation_case,Acquitted,56.2639,9.5018,region
1619,Anne_Simmensdatter_Engell,Female,"Kragelund, Nørrejylland",Witchcraft,Guilty_execution_of_burning_at_the_stake,56.2639,9.5018,region
1619,Johane_Pedersdatter_Pus,Female,"Lundum, Nørrejylland",Witchcraft,Acquitted,56.2639,9.5018,region
1619,Ane_Jensdatter_Somers,Female,"Beder, Fløistrup, Nørrejylland",Witchcraft,A_church_jury_kirkenaevn_still_had_to_be_sworn_in_at_the_local_court_so_Viborg_regional_court_landsting_sent_the_case_back,56.2639,9.5018,region
1619,Mette_Jensdatter_Hiort,Female,"Rom, Nørrejylland",Witchcraft,Acquitted,56.2639,9.5018,region
1619,Johane_Jensdatter,Female,"Bølling, Nørgård, Nørrejylland",Witchcraft_Denunciation_case,Acquitted,56.07,8.73,herred
1619,Karin_Jensdatter,Female,"Stenum, Nørrejylland",Witchcraft,Guilty_execution_of_burning_at_the_stake,56.2639,9.5018,region
1619,Maren_Jensdatter_Møes,Female,"Gjellerup, Gjeldrup, Nørrejylland",Witchcraft,Guilty_execution_of_burning_at_the_stake,56.2639,9.5018,region
1619,Ludtze_Chrestensdatter,Female,"Giver, Nørrejylland",Witchcraft,Acquitted,56.2639,9.5018,region
1619,Anne_Stoffensdatter,Female,"Oddum, Odderup, Nørrejylland",Witchcraft,Guilty_execution_of_burning_at_the_stake,56.2639,9.5018,region
1619,Mette_Pedersdatter_Raskis,Female,"Falling, Nørrejylland",Witchcraft,Guilty_execution_of_burning_at_the_stake,56.2639,9.5018,region
1619,Ane_Nielskone,Female,"Øse, Hostrup, Nørrejylland",Witchcraft,Guilty_execution_of_burning_at_the_stake,56.2639,9.5018,region
1619,Maren_Jensdatter,Female,"Tolstrup, Nørrejylland",Witchcraft,Guilty_execution_of_burning_at_the_stake,56.2639,9.5018,region
1619,Kirsten_Jensdatter,Female,"Randlev, Nørrejylland",Witchcraft,Acquitted,56.2639,9.5018,region
1619,Palle_Christensen,Male,"Hørup, Kjellerup, Nørrejylland",Witchcraft_Denunciation_case,Acquitted,56.2833,9.4333,town
1619,Niels_Nielsen,Male,"Hørup, Nørrejylland",Witchcraft_Denunciation_case,Acquitted,56.2639,9.5018,region
1619,Niels_Nielsens_wife,Female,"Hørup, Nørrejylland",Witchcraft_Denunciation_case,Acquitted,56.2639,9.5018,region
1619,Johane_Huidzdatter,Female,"Oddum, Nørrejylland",Witchcraft,Guilty_execution_of_burning_at_the_stake,56.2639,9.5018,region
1619,Kirsten_Bertelsdatter,Female,"Ejstrup, Nørrejylland",Witchcraft,Guilty_execution_of_burning_at_the_stake,56.2639,9.5018,region
1619,Bergette_Jensdatter_Engelands,Female,"Skive, Nørrejylland",Witchcraft,Guilty_execution_of_burning_at_the_stake,56.5667,9.0333,town
1619,Anders_Sørensen_Munk,Male,"Resen, Nørrejylland",Witchcraft,Guilty_execution_of_burning_at_the_stake,56.2639,9.5018,region
1619,Giertrud_Sørensdatter_Scholders,Female,"Vridsted, Nørrejylland",Witchcraft,Guilty_execution_of_burning_at_the_stake,56.2639,9.5018,region
1619,Niels_Andersen_Munk,Male,"Mønsted, Nørrejylland",Witchcraft,Acquitted,56.2639,9.5018,region
1619,Maren_Chrestenskone_Kjeldsig,Female,"Brejning, Nørrejylland",Witchcraft,Guilty_execution_of_burning_at_the_stake,56.2639,9.5018,region
1619,Anne_Pers,Female,"Nørre_Bork, Nørrejylland",Witchcraft,Guilty_execution_of_burning_at_the_stake,56.2639,9.5018,region
1619,Nis_Christensen,Male,"Lundsby, Oddum, Nørrejylland",Witchcraft_Denunciation_case,Acquitted,56.2639,9.5018,region
1619,Appelone_Niskone_Pasgrøn,Female,"Lundsby, Oddum, Nørrejylland",Witchcraft_Denunciation_case,Acquitted,56.2639,9.5018,region
1619,Maren_Jensdatter_Boes,Female,"Ørum, Nørrejylland",Witchcraft,Guilty_execution_of_burning_at_the_stake,56.2639,9.5018,region
1619,Maren_Lauritzdatter,Female,"Funder, Nørrejylland",Witchcraft,Acquitted,56.2639,9.5018,region
1619,Laurids_Pedersen,Male,"Funder, Nørrejylland",Witchcraft,Acquitted,56.2639,9.5018,region
1619,Margrethe_Nielsdatter,Female,"Funder, Nørrejylland,_Elinge",Witchcraft,Acquitted,56.2639,9.5018,region
1619,Karen_Nielsdatter_Uldbierigs,Female,"Lynderup, Nørrejylland",Witchcraft,Guilty_execution_of_burning_at_the_stake,56.2639,9.5018,region
1619,Maren_Lauritdtzdatter_Weffuers,Female,"Sevel, Trandum_Skovby, Nørrejylland",Witchcraft,Guilty_execution_of_burning_at_the_stake,56.2639,9.5018,region
1619,Mette_Clemidzdatter,Female,"Fiskbæk, Nørrejylland",Witchcraft,Guilty_execution_of_burning_at_the_stake,56.2639,9.5018,region
1619,Lauritz_Nielsen,Male,"Resen, Nørrejylland",Witchcraft,Acquitted,56.2639,9.5018,region
1619,Anne_Eschesdatter,Female,"Daugbjerg, Søvsø, Nørrejylland",Witchcraft,Acquitted,56.2639,9.5018,region
1619,Kirsten_Clausis,Female,"Øse, Nørrejylland",Witchcraft,Guilty_execution_of_burning_at_the_stake,56.2639,9.5018,region
1619,Maren_Chresten_Huids,Female,"Sønder-Bork, Nørrejylland",Witchcraft,Guilty_execution_of_burning_at_the_stake,55.85,8.3167,town
1619,Elle_Pedersdatter,Female,"Grinderslev, Stoubygård, Nørrejylland",Witchcraft,Guilty_execution_of_burning_at_the_stake,56.2639,9.5018,region
1619,Apelone_Ibsdatter,Female,"Ålborg, Nørrejylland",Witchcraft,Guilty_execution_of_burning_at_the_stake,57.0488,9.9217,town
1619,Heluig_Mortensdatter,Female,"Ejstrup, Nørrejylland",Witchcraft,Acquitted,56.2639,9.5018,region
1619,Buold_Jensdatter_Degenn,Female,"Sønderup, Nørrejylland",Witchcraft,Acquitted,56.95,9.6167,town
1619,Niels_Ebisen,Male,"Vrøgum, Nørrejylland",Witchcraft,Guilty_execution_of_burning_at_the_stake,56.2639,9.5018,region
1619,Anne_Mussis,Female,"Brønderslev, Nørrejylland",Witchcraft,Acquitted,57.2686,9.95,town
1619,Bergette_Mikkelsdatter,Female,"Sevel, Trandum Skovby, Nørrejylland",Witchcraft,Acquitted,56.2639,9.5018,region
1619,Mette_Chrestensdatter,Female,"Jannerup, Nørrejylland",Witchcraft_Denunciation_case,Acquitted,56.2639,9.5018,region
1619,Anne_Jensdatter,Female,"Resen, Nørrejylland",Witchcraft,Acquitted,56.2639,9.5018,region
1619,Kirsten_Persdatter,Female,"Ørslevkloster, Bøstrup, Nørrejylland",Witchcraft,Acquitted,56.2639,9.5018,region
1619,Johane_Andersdatter,Female,"Ørslevkloster, Bøstrup, Nørrejylland",Witchcraft,Acquitted,56.2639,9.5018,region
1619,Karin_Espensdatter,Female,"Ørslevkloster, Bøstrup, Nørrejylland",Witchcraft,Acquitted,56.2639,9.5018,region
1619,Anne_Sørensdatter,Female,"Nørre-Borris, Fusager, Nørrejylland",Witchcraft,Acquitted,56.2639,9.5018,region
1619,Maren_Chrestensdatter,Female,"Sevel, Bederholm, Nørrejylland",Witchcraft_Denunciation_case,Acquitted,56.2639,9.5018,region
1619,Maren_Poffuelsdatter,Female,"Sevel, Nørrejylland",Witchcraft_Denunciation_case,Acquitted,56.2639,9.5018,region
1619,Maren_Olufsdatter,Female,"Sønderup, Nørrejylland",Witchcraft,Acquitted,56.95,9.6167,town
1619,Chresten_Jensen,Male,"Hvam, Skedshale, Nørrejylland",Witchcraft_Denunciation_case,Acquitted,56.2639,9.5018,region
1619,Ane_Chrestensquone,Female,"Nørre-Borris, Lysgård, Nørrejylland",Witchcraft_Denunciation_case,Acquitted,56.2639,9.5018,region
1619,Anders_Andersen,Male,"Oksby, Vejrs, Nørrejylland",Witchcraft_Denunciation_case,Acquitted,55.5975,8.1236,town
1619,Anne_Hanskone,Female,"Ål, Oxbøl, Nørrejylland",Witchcraft_Denunciation_case,Acquitted,56.2639,9.5018,region
1619,Sidsell_Peders,Female,"Ål, Oxbøl, Nørrejylland",Witchcraft_Denunciation_case,Acquitted,56.2639,9.5018,region
1619,Anne_Nielsdatter,Female,"Billum, Kjelst, Nørrejylland",Witchcraft_Denunciation_case,Acquitted,56.2639,9.5018,region
1619,Maes_Anne_Knudsdatter,Female,"Ål, Oxbøl, Nørrejylland",Witchcraft_Denunciation_case,Acquitted,56.2639,9.5018,region
1619,Kiersten_Jenskone,Female,"Skjern, Øster_Skjern, Nørrejylland",Witchcraft,Guilty_execution_of_burning_at_the_stake,55.9583,8.4917,town
1619,Maren_Olufsdatter,Female,"Vrejlev, Grønnerup, Nørrejylland",Witchcraft,Guilty_execution_of_burning_at_the_stake,56.2639,9.5018,region
1619,Berette_Christensdatter,Female,"Ørum, Hald, Nørrejylland",Witchcraft,Acquitted,56.2639,9.5018,region
1619,Dorete_Mikkelsdatter,Female,"Engesvang, Nørrejylland",Witchcraft_Denunciation_case,Acquitted,56.2639,9.5018,region
1619,Palle_Christensens_wife,Female,"Hørup, Nørrejylland",Witchcraft_Denunciation_case,Acquitted,56.2639,9.5018,region
1619,Karen_Plougmands,Female,"Skælskør, Sjælland",Witchcraft,Guilty_execution_of_burning_at_the_stake,55.2521101,11.2942011,original
1619-1620,Niels_Mouritsens_kvinde,Female,"Hornum_Herred, Sønderup, Nørrejylland",Witchcraft,Guilty_execution_of_burning_at_the_stake,56.95,9.6167,town
1619,Maren_Olufsdatter,Female,"Slet_Herred, Nørrejylland",Witchcraft,Guilty_execution_of_burning_at_the_stake,56.9,9.5333,herred
1619,Kirsten_Niels_Mogensens,Female,"Halland, Skånelandene",Witchcraft,Guilty_execution_of_burning_at_the_stake,55.9833,13.5833,region
1619,Unknown,Female,"Helsingborg, Skånelandene",Witchcraft,Unknown,56.0465,12.6945,town
1619,Unknown,Female,"Kronborg, Sjælland",Witchcraft,Unknown,55.8131727,11.4573186,original
1619-1620,Niels_Mouritsens_kvinde,Female,"Aalborg, Sønderup, Nørrejylland",Witchcraft,Guilty,57.0488,9.9217,town
1619-1620,Unknown,Female,"Aalborg, Nørrejylland",Witchcraft_or_Secret_Arts,Unknown,57.0488,9.9217,town
1619-20,Niels_Mouritsens_kvinde,Female,"Dronningborg_len, Sønderup, Nørrejylland",Witchcraft,Guilty_the_fief_accounts_record_that_she_perished_on_account_of_a_Witchcraft_case,56.95,9.6167,town
1619-20,Unknown,Female,"Dronningborg_len, Torstum, Nørrejylland",Witchcraft_or_Secret_Arts,Banishment_the_fief_accounts_record_that_she_fled,56.2639,9.5018,region
1619,Kvinde,Female,"Lynge-Kronborg_herred, Hørsholm, Sjælland",Witchcraft,Guilty_execution_of_burning_at_the_stake,55.41667,11.83333,original
1619,Carsten_Nettelblad,Male,"Malmø, Skånelandene",Witchcraft_or_Secret_Arts_Defamation_case,Unknown,55.605,13.0038,town
1619,Birgitte_Davids_eller_Renners,Female,"Malmø, Skånelandene",Witchcraft_or_Secret_Arts,Guilty_execution_of_burning_at_the_stake_or_beheading_by_sword,55.605,13.0038,town
1619,wife_til_Hanns_Jörgensön_Glarmester,Female,"Malmø, Skånelandene",Witchcraft_or_Secret_Arts_Denunciation,The_person_who_named_her_withdrew_the_statement,55.605,13.0038,town
1619,wife_til_Hans_Frideriksönns,Female,"Malmø, Skånelandene",Witchcraft_or_Secret_Arts_Denunciation,The_person_who_named_her_withdrew_the_statement,55.605,13.0038,town
1619,wife_til_Marckus_Marckusöns,Female,"Malmø, Skånelandene",Witchcraft_or_Secret_Arts_Denunciation,The_person_who_named_her_withdrew_the_statement,55.605,13.0038,town
1620,Jens_Andersen_Holst,Male,"Ålborg, Nørrejylland",Witchcraft_Denunciation_case,Acquitted,57.0488,9.9217,town
1620,Maren_Pedersdatter,Female,"Ålborg, Nørrejylland",Witchcraft,Guilty_execution_of_burning_at_the_stake,57.0488,9.9217,town
1620,Inger_Jbsdatter,Female,"Hvirring,_Boring_Mølle, Nørrejylland",Witchcraft_Denunciation_case,Acquitted,56.2639,9.5018,region
1620,Kirsten_Hansdatter,Female,"Skive, Nørrejylland",Witchcraft_Denunciation_case,Acquitted,56.5667,9.0333,town
1620,Chresten_Thomisen,Male,"Henne, Hovstrup, Nørrejylland",Witchcraft,Guilty_execution_of_burning_at_the_stake,55.75,8.2833,town
1620,Maren_Pedersdatter,Female,"Vester-Starup, V._Starup, Nørrejylland",Witchcraft,Guilty_execution_of_burning_at_the_stake,56.2639,9.5018,region
1620,Chresten_Nielsen,Male,"Ikast, Nørlund, Nørrejylland",Witchcraft,Acquitted,56.1394,9.1531,town
1620,Lange_Maren_Lauridsdatter,Female,"Øster-Hassing, Nørrejylland",Witchcraft,Guilty_execution_of_burning_at_the_stake,56.2639,9.5018,region
1620,Maren_Knuds,Female,"Ål, Skjødstrup, Nørrejylland",Witchcraft,Guilty_execution_of_burning_at_the_stake,56.2639,9.5018,region
1620,Jens_Chrestensen,Male,"Sønder_Omme, Baggesgård, Nørrejylland",Witchcraft_Denunciation_case,Acquitted,55.8667,8.7167,herred
1620,Kirsten_Staffensdatter,Female,"fiskbæk, Nørrejylland",Witchcraft_Denunciation_case,Acquitted,56.2639,9.5018,region
1620,Kirsten_Staffensdatter,Female,"Lomborg, Lundsby, Nørrejylland",Witchcraft_Denunciation_case,Acquitted,56.2639,9.5018,region
1620,Margrethe_Staffensdatter,Female,"Lomborg, Lundsby, Nørrejylland",Witchcraft_Denunciation_case,Acquitted,56.2639,9.5018,region
1620,Margrethe_Staffensdatter,Female,"Lomborg, Lundsby, Nørrejylland",Witchcraft_Denunciation_case,Acquitted,56.2639,9.5018,region
1620,Anne_Suendsdatter,Female,"Viborg, Nørrejylland",Witchcraft_Denunciation_case,Acquitted,56.4531684,9.4075049,original
1620,Johane_Jørgens,Female,"Vester-Starup, Galstho, Nørrejylland",Witchcraft_Denunciation_case,Acquitted,56.2639,9.5018,region
1620,Maren_Iffers,Female,"Vester_Starup, Nørrejylland",Witchcraft_Denunciation_case,Acquitted,56.2639,9.5018,region
1620,Karen_Peders,Female,"Hostrup, Nørrejylland",Witchcraft_Denunciation_case,Acquitted,56.2639,9.5018,region
1620,Edel_Pers,Female,"Vester-Starup, Hisselhoed, Nørrejylland",Witchcraft_Denunciation_case,Acquitted,56.2639,9.5018,region
1620,Mor_Chrestens,Female,"Oddum, Nørrejylland",Witchcraft_Denunciation_case,Acquitted,56.2639,9.5018,region
1620,Kirsten_Lauridskone,Female,"Oddum, Nørrejylland",Witchcraft_Denunciation_case,Acquitted,56.2639,9.5018,region
1620,Niels_Chrestensen,Male,"Lomborg, Lundsby, Nørrejylland",Witchcraft_Denunciation_case,Acquitted,56.2639,9.5018,region
1620,Apelone_Nielskone,Female,"Lomborg, Lundsby, Nørrejylland",Witchcraft_Denunciation_case,Acquitted,56.2639,9.5018,region
1620,Maren_Madsdatter,Female,"Dollerup, Stanghede, Nørrejylland",Witchcraft,Acquitted,56.2639,9.5018,region
1620,Apelonni_Thamiskone,Female,"Lindknud, Klelund, Nørrejylland",Witchcraft,Guilty_execution_of_burning_at_the_stake,56.2639,9.5018,region
1620,Anne_Jespersdatter,Female,"Gøl, Gjøl, Nørrejylland",Witchcraft,Guilty_execution_of_burning_at_the_stake,57.0833,9.6833,town
1620,Offuens_Chrestensdatter,Female,"Veggerby, Nørrejylland",Witchcraft,Guilty_execution_of_burning_at_the_stake,56.2639,9.5018,region
1620,Maren_Sørensdatter,Female,"Lyngby, Nørrejylland",Witchcraft,Guilty_execution_of_burning_at_the_stake,56.2639,9.5018,region
1620,Johane_Christens,Female,"Årre, Orre, Nørrejylland",Witchcraft,Guilty_execution_of_burning_at_the_stake,56.2639,9.5018,region
1620,Mette_Christensdatter,Female,"Grimstrup, Nørrejylland",Witchcraft,Guilty_execution_of_burning_at_the_stake,55.55,8.6333,town
1620,Birthe_Olufsdatter,Female,"Ribe, Nørrejylland",Witchcraft,Guilty_execution_of_burning_at_the_stake,55.3297,8.7671,town
1620,Karen_Roeds,Female,"Ribe, Nørrejylland",Witchcraft,Guilty_execution_of_burning_at_the_stake,55.3297,8.7671,town
1620,Karen_Chrestensdatter,Female,"Skive, Nørrejylland",Witchcraft,Acquitted,56.5667,9.0333,town
1620,Elle_Nielsdatter,Female,"Ålborg, Nørrejylland",Witchcraft,Guilty_execution_of_burning_at_the_stake,57.0488,9.9217,town
1620,Kirsten_Madsdatter,Female,"Komdrup, Nørrejylland",Witchcraft,Acquitted,56.2639,9.5018,region
1620,Maren_Jbsdatter,Female,"Skibsted, Nørrejylland",Witchcraft,Acquitted,56.2639,9.5018,region
1620,Anne_Nielsdatter,Female,"Bælum, Nørrejylland",Witchcraft,Acquitted,56.2639,9.5018,region
1620,Kirsten_Sørensdatter,Female,"Sønder_Kongerslev, Svanfolk, Nørrejylland",Witchcraft,Acquitted,56.2639,9.5018,region
1620,Maren_Suendsdatter_Dronningen,Female,"Søby, Nørrejylland",Witchcraft,Guilty_execution_of_burning_at_the_stake,56.2639,9.5018,region
1620,Zitsell_Malers,Female,"Skørping, Nørrejylland",Witchcraft,Acquitted,56.8333,9.9167,town
1620,Anne_Huids,Female,"St._Brøndum, Nørrejylland",Witchcraft,Acquitted,57.1333,9.9667,town
1620,Slup_Johane,Female,"Skørping, Nørrejylland",Witchcraft,Acquitted,56.8333,9.9167,town
1620,Karin_Anderskone,Female,"Vittrup, Nørrejylland",Witchcraft,Guilty_execution_of_burning_at_the_stake,56.2639,9.5018,region
1620,Maren_Eschis,Female,"Ølgod, Ølgodbjerg, Nørrejylland",Witchcraft,Guilty_execution_of_burning_at_the_stake,56.2639,9.5018,region
1620,Buold_Eschisdatter,Female,"Ølgod, Ølgodbjerg, Nørrejylland",Witchcraft,Guilty_execution_of_burning_at_the_stake,56.2639,9.5018,region
1620,Maren_Poulsdatter_Bøuhore,Female,"Grenå, Nørrejylland",Witchcraft,Guilty_execution_of_burning_at_the_stake,56.4167,10.8833,town
1620,Maren_Michelsdatter_Hiordequone,Female,"Astrup, Nørrejylland",Witchcraft,Acquitted,56.9333,9.6,town
1620,Anne_Throgelsdatter_Ruttistue,Female,"Rostrup, Nørrejylland",Witchcraft,Guilty_execution_of_burning_at_the_stake,56.2639,9.5018,region
1620,Anne_Peders,Female,"Gesten, Nørrejylland",Witchcraft,Guilty_execution_of_burning_at_the_stake,55.4906,9.2181,town
1620,Johane_Pedersdatter,Female,"Sejlflod, Nørrejylland",Witchcraft,Guilty_execution_of_burning_at_the_stake,57.0167,10.0833,town
1620,Else_Jacobsdatter,Female,"Storvorde, Nørrejylland",Witchcraft,Guilty_execution_of_burning_at_the_stake,56.9833,10.0333,town
1620,Dorete_Jensdatter,Female,"Ålborg, Nørrejylland",Witchcraft,Guilty_execution_of_burning_at_the_stake,57.0488,9.9217,town
1620,Karen_Jbsdatter,Female,"Blære, Nørrejylland",Witchcraft,Guilty_execution_of_burning_at_the_stake,56.2639,9.5018,region
1620,Else_Lauritzdatter,Female,"Sejlflod, Nørrejylland",Witchcraft,Guilty_execution_of_burning_at_the_stake,57.0167,10.0833,town
1620,Chresten_Chrestensen_Munck,Male,"Hurup, Nørrejylland",Witchcraft,Guilty_execution_of_burning_at_the_stake,56.7397,8.4142,town
1620,Maren_Nielsdatter,Female,"Sebber, Nørrejylland",Witchcraft,Guilty_execution_of_burning_at_the_stake,56.2639,9.5018,region
1620,Buold_Jensdatter_Dei,Female,"Sønderup, Nørrejylland",Witchcraft,Acquitted,56.95,9.6167,town
1620,Anne_Nisdatter,Female,"Vester-Nykirke, Vong, Nørrejylland",Witchcraft,Guilty_execution_of_burning_at_the_stake,56.2639,9.5018,region
1620,Per_Jepsen,Male," Navr, Falshee, Nørrejylland",Witchcraft,Acquitted,56.2639,9.5018,region
1620,Anders_Madsen,Male,"Egtved, Bollesgård, Nørrejylland",Witchcraft,Guilty_execution_of_burning_at_the_stake,56.2639,9.5018,region
1620,Johane_Anderskone,Female,"Egtved, Bollesgård, Nørrejylland",Witchcraft,Guilty_execution_of_burning_at_the_stake,56.2639,9.5018,region
1620,Anne_Staffens,Female,"Gesten, Nørrejylland",Witchcraft,Guilty_execution_of_burning_at_the_stake,55.4906,9.2181,town
1620,Karen_Thamisdatter,Female,"Asp, Timling, Nørrejylland",Witchcraft,Acquitted,56.2639,9.5018,region
1620,Birgitte_Jensdatter,Female,"Nykøbing, Nørrejylland",Witchcraft,Guilty_execution_of_burning_at_the_stake,56.7969,8.8608,town
1620,Johane_Moltisdatter,Female,"Ribe, Nørrejylland",Witchcraft,Guilty_execution_of_burning_at_the_stake,55.3297,8.7671,town
1620,Anne_Jensdatter,Female,"Hellevad, Allerup, Nørrejylland",Witchcraft,Acquitted,56.2639,9.5018,region
1620,Anne_Nielsdatter_Hestbekis,Female,"Astrup, Møldrup, Nørrejylland",Witchcraft,Acquitted,56.9333,9.6,town
1620,Kiersten_Suends_Hiorkuonne,Female,"Anst, Nørrejylland",Witchcraft,Guilty_execution_of_burning_at_the_stake,55.4667,9.2333,herred
1620,Karen_Chrestens,Female,"Lindknud, Klelund, Nørrejylland",Witchcraft,Acquitted,56.2639,9.5018,region
1620,Maren_Jensdatter_Pauschis,Female,"Sønder-Lem, Karsbæk, Nørrejylland",Witchcraft,"A_church_jury_kirkenaevn_still_had_to_be_sworn_in_at_the_local_court,_so_Viborg_regional_court_landsting_sent_the_case_back",56.2639,9.5018,region
1620,Anne_Jensdatter,Female,"Sebber, Valsted, Nørrejylland",Witchcraft,Acquitted,56.2639,9.5018,region
1620,Maren_Sørensdatter,Female,"Gøl, Nørrejylland",Witchcraft,Acquitted,57.0833,9.6833,town
1620,Niels_Nielsen,Male,"Lundø, Nørrejylland",Witchcraft_Denunciation_case,Acquitted,56.2639,9.5018,region
1620,Hans_Lassen,Male,"Gesten, Nørrejylland",Witchcraft,Acquitted,55.4906,9.2181,town
1620,Hans_Lassen,Male,"Gesten, Nørrejylland",Witchcraft_Denunciation_case,Acquitted,55.4906,9.2181,town
1620,Anders_Chrestensen_Skolemester,Male,"Ørum, Nørrejylland",Witchcraft,Acquitted,56.2639,9.5018,region
1620,Anne_Jensdatter,Female,"Komdrup, Nørrejylland",Witchcraft,Acquitted,56.2639,9.5018,region
1620,Hans_Poulsen_Smed,Male,"Læborg, Drostrup, Nørrejylland",Witchcraft,Guilty_execution_of_burning_at_the_stake,56.2639,9.5018,region
1620,Karen_Cornelesis,Female,"Ansager, Stenderup, Nørrejylland",Witchcraft,Guilty_execution_of_burning_at_the_stake,55.66,8.75,town
1620,Maren_Joens_Threndfod,Female,"Verst, Nørrejylland",Witchcraft,Guilty_execution_of_burning_at_the_stake,56.2639,9.5018,region
1620,Johane_Hanskone,Female,"Læborg, Drostrup, Nørrejylland",Witchcraft,Guilty_execution_of_burning_at_the_stake,56.2639,9.5018,region
1620,Kiersten_Jørgens,Female,"Malt, Estrup, Nørrejylland",Witchcraft,Guilty_execution_of_burning_at_the_stake,55.4333,8.9333,town
1620,Chresten_Lassen,Male,"Slavs, Nørrejylland",Witchcraft_Denunciation_case,Acquitted,56.2639,9.5018,region
1620,Giertrud_Chrestensdatter,Female,"Ebeltoft, Nørrejylland",Witchcraft,Acquitted,56.1957,10.6836,town
1620,Jens_Andersens_kone,Female,"Ålborg, Nørrejylland",Witchcraft_Denunciation_case,Acquitted,57.0488,9.9217,town
1620,Ane_Thyggisdatter,Female,"Kristianstad, Skånelandene",Secret_Arts_and_Fraud,Unknown,56.0294,14.1567,town
1620,Unknown,Female,"Kronborg, Sjælland",Witchcraft,Unknown,55.8131727,11.4573186,original
1620,wife_til_Peder_Broesöns,Female,"Malmø, Skånelandene",Witchcraft_or_Secret_Arts_Defamation_case,Unknown,55.605,13.0038,town
1621,Hans_Lassen,Male,"Gesten, Nørrejylland",Witchcraft,Acquitted,55.4906,9.2181,town
1621,Giertrud_Chrestensdatter,Female,"Ebeltoft, Nørrejylland",Witchcraft,Acquitted,56.1957,10.6836,town
1621,Johane_Lastdatter_Koeppes,Female,"Kobberup, Tastum, Nørrejylland",Witchcraft,Guilty_execution_of_burning_at_the_stake,56.2639,9.5018,region
1621,Mette_Sørensdatter,Female,"Nørup, Førstballe, Nørrejylland",Witchcraft,Guilty_execution_of_burning_at_the_stake,56.2639,9.5018,region
1621,Gammel_Anne_Matzdatter,Female,"Vamdrup, Nørrejylland",Witchcraft,Guilty_execution_of_burning_at_the_stake,55.4139,9.3006,town
1621,Bleg_Anne_Fygs,Female,"Gesten, Nørrejylland",Witchcraft,Guilty_execution_of_burning_at_the_stake,55.4906,9.2181,town
1621,Kirsten_Nielsdatter,Female,"Gudum, Nørrejylland",Witchcraft,Guilty_execution_of_burning_at_the_stake,56.2639,9.5018,region
1621,Anne_Hansquone,Female,"Bryrup, Eskelund, Nørrejylland",Witchcraft,Guilty_execution_of_burning_at_the_stake,56.2639,9.5018,region
1621,Anne_Terkildsdatter_Peberfylde,Female,"Føvling, Nørrejylland",Witchcraft,Guilty_execution_of_burning_at_the_stake,56.2639,9.5018,region
1621,Anne_Nielsdatter,Female,"Sæby, Nørrejylland",Witchcraft,Acquitted,57.3333,10.5333,town
1621,Karin_Nielsdatter_Kiergil,Female,"Skanderup, Nørrejylland",Witchcraft,Acquitted,56.2639,9.5018,region
1621,Maren_Andersdatter_Flye,Female,"Ydby, Nørrejylland",Witchcraft,Guilty_execution_of_burning_at_the_stake,56.2639,9.5018,region
1621,Maren_Eschesdatter,Female,"Hejnsvig, Nørrejylland",Witchcraft,Acquitted,56.2639,9.5018,region
1621,Karen_Jepsdatter,Female,"Navr, Nørrejylland",Witchcraft,Guilty_execution_of_burning_at_the_stake,56.2639,9.5018,region
1621,Anne_Olufsdatter_Peussij,Female,"Hvidbjerg, Kjallerup, Nørrejylland",Witchcraft,Guilty_execution_of_burning_at_the_stake,56.2639,9.5018,region
1621,Anne_Sørensdatter,Female,"Bakkendrup, Ydby, Nørrejylland",Witchcraft,Acquitted,56.2639,9.5018,region
1621,Ane_Knudsdatter,Female,"Øster-Assels, Nørrejylland",Witchcraft,Acquitted,56.2639,9.5018,region
1621,Maren_Pedersdatter,Female,"Låstrup, Nørrejylland",Witchcraft,Acquitted,56.2639,9.5018,region
1621,Johane_Pedersdatter,Female,"Volstrup, Hørby, Nørrejylland",Witchcraft,Guilty_execution_of_burning_at_the_stake,57.3667,10.4167,town
1621,Maren_Jensdatter_Kiøbmand,Female," Snedsted, Gjersbøl, Nørrejylland",Witchcraft,Guilty_execution_of_burning_at_the_stake,56.8917,8.5333,town
1621,Buold_Christensquone,Female,"Madum, Nørrejylland",Witchcraft,Guilty_execution_of_burning_at_the_stake,56.2639,9.5018,region
1621,Kirsten_Chrestensdatter,Female,"Kastbjerg, Nørrejylland",Witchcraft,Acquitted,56.5833,10.0833,town
1621,Anne_Hansquone,Female,"Ølgod, Bøllund, Nørrejylland",Witchcraft,Acquitted,56.2639,9.5018,region
1621,Karen_Laursdatter,Female,"Heltborg, Nørrejylland",Witchcraft_Denunciation_case,Acquitted,56.2639,9.5018,region
1621,Else_Chrestensdatter,Female,"Ydby, Nørrejylland",Witchcraft_Denunciation_case,Acquitted,56.2639,9.5018,region
1621,Maren_Chrestensdatter,Female,"Ydby, Nørrejylland",Witchcraft_Denunciation_case,Acquitted,56.2639,9.5018,region
1621,Else_Sørens,Female,"Brande, Uhre, Nørrejylland",Witchcraft,Guilty_execution_of_burning_at_the_stake,55.9333,9.1333,town
1621,Dorete_Jensdatter,Female,"Bjergby, Nørrejylland",Witchcraft,"A_church_jury_kirkenaevn_still_had_to_be_sworn_in_at_the_local_court,_so_Viborg_regional_court_landsting_sent_the_case_back.",56.2639,9.5018,region
1621,Karen_Peders,Female,"Øster-Snede, Kragelund, Nørrejylland",Witchcraft,Guilty_execution_of_burning_at_the_stake,56.2639,9.5018,region
1621,Johane_Jensdatter,Female,"Hjortdal, Fasmalie, Nørrejylland",Witchcraft,Guilty_Banishment,56.2639,9.5018,region
1621,Birgitte_Madsdatter,Female,"Hørby, Estrup, Nørrejylland",Witchcraft,Acquitted,56.2639,9.5018,region
1621,Ingeborg_Andersdatter,Female,"Volstrup, Skovsgård, Nørrejylland",Witchcraft_Denunciation_case,Acquitted,57.3667,10.4167,town
1621,Ingeborg_Thamisdatter,Female,"Volstrup, Skovsgård, Nørrejylland",Witchcraft_Denunciation_case,Acquitted,57.3667,10.4167,town
1621-1622,Signe_Mickelsdotter,Female,"Blekinge, Flueryd, Skånelandene",Witchcraft,Guilty_execution_of_burning_at_the_stake,55.9833,13.5833,region
1621-1623,Marna_Nilsdotter,Female,"Blekinge, Mörrum, Skånelandene",Witchcraft,Guilty_execution_of_burning_at_the_stake,55.9833,13.5833,region
1621,Søren_Nielsen,Male,"Skast Herred, Starup, Nørrejylland",Witchcraft,Unknown,55.4514,8.9739,town
1621,Margrethe_Ibsdatter,Female,"Skast Herred, Fåborg, Nørrejylland",Witchcraft,Unknown,55.1006,10.2439,town
1621,Anne_Jens_Aagis,Female,"Landskrone, Skånelandene",Witchcraft,Unknown,55.8708,12.83,town
1621,Flere_kvinder,Female,"Landskrone, Skånelandene",Witchcraft_Denunciation,Unknown,55.8708,12.83,town
1621,Christenze_Kruckow,Female,,Witchcraft,Guilty_execution_of_burning_at_the_stake,,,
1622,Maren_Jensdatter_Kiøbmand,Female,"Snedsted, Gjersbøl, Nørrejylland",Witchcraft,Guilty_execution_of_burning_at_the_stake,56.8917,8.5333,town
1622,Døretti_Matzis,Female,"Øster-Snede, Kragelund, Nørrejylland",Witchcraft,Guilty_execution_of_burning_at_the_stake,56.2639,9.5018,region
1622,Zesill_Jensdatter,Female,"Øster-Snede, Lindved, Nørrejylland",Witchcraft,Acquitted,56.2639,9.5018,region
1622,Anne_Nielsdatter_Mallens,Female,"Snedsted, Nørrejylland",Witchcraft,Guilty_execution_of_burning_at_the_stake,56.8917,8.5333,town
1622,Jnger_Jensdatter_Vognkarls,Female,"Pederstrup, Nørrejylland",Witchcraft,Guilty_execution_of_burning_at_the_stake,56.2639,9.5018,region
1622,Chresten_Nielsen,Male,"Timring, Naibjerg, Nørrejylland",Witchcraft,Acquitted,56.2639,9.5018,region
1622,Anne_Pedersdatter,Female,"Vester-Hassing, Trankær, Nørrejylland",Witchcraft,Guilty_execution_of_burning_at_the_stake,56.2639,9.5018,region
1622,Anne_Chrestensdatter,Female,"Siem, Nørrejylland",Witchcraft,Acquitted,56.2639,9.5018,region
1622,Maren_Pedersdatter,Female,"Struer, Struerdal, Nørrejylland",Witchcraft,Guilty_execution_of_burning_at_the_stake,56.4886,8.5964,town
1622,Kirsten_Thamisdatter,Female,"Vorde, Kjølsen, Nørrejylland",Witchcraft,Acquitted,56.2639,9.5018,region
1622,Karen_Andersdatter,Female,"Lyby, Vester Lyby, Nørrejylland",Witchcraft,Acquitted,56.2639,9.5018,region
1622,Karen_Madsdatter,Female,"Hundborg, Nørrejylland",Witchcraft,Acquitted,56.9333,8.6167,town
1622,Maren_Nielsdatter_Olufs,Female,"Løvel, Nørrejylland",Witchcraft,Guilty_execution_of_burning_at_the_stake,56.2639,9.5018,region
1622,Karen_Mogensdatter,Female,"Snedsted, Nørrejylland",Witchcraft_Denunciation_case,Acquitted,56.8917,8.5333,town
1622,Niels_Chrestensen,Male,"Snedsted, Nørrejylland",Witchcraft_Denunciation_case,Acquitted,56.8917,8.5333,town
1622,Maren_Jensdatter,Female,"Lindum, Nørrejylland",Witchcraft_Denunciation_case,Acquitted,56.2639,9.5018,region
1622,Mette_Sørens,Female,"Brørup, Storup, Nørrejylland",Witchcraft_Denunciation_case,Acquitted,55.4778,8.9861,town
1622,Kirsten_Chrestensdatter_Smed,Female,"Lindum, Sjørring, Nørrejylland",Witchcraft,Acquitted,56.2639,9.5018,region
1622,Dorethj_Suendsdatter,Female,"Snedsted, Elsted, Nørrejylland",Witchcraft,Guilty_execution_of_burning_at_the_stake,56.8917,8.5333,town
1622,Inge_Jensdatter,Female,"Sennels, Malle, Nørrejylland",Witchcraft,Guilty_execution_of_burning_at_the_stake,56.2639,9.5018,region
1622,Kirsten_Jensdatter,Female,"Resen, Rotborg, Nørrejylland",Witchcraft,Guilty_execution_of_burning_at_the_stake,56.2639,9.5018,region
1622,Mikkel_Nielsen_Brød,Male,"Hobro, Nørrejylland",Witchcraft_Denunciation_case,Acquitted,56.6389,9.7847,town
1622,Maren_Nielsdatter,Female,"Store-Arden, Møldrup, Nørrejylland",Witchcraft,Acquitted,56.7667,9.8833,town
1622,Anne_Iffuersdatter,Female,"Resen, Nørrejylland",Witchcraft,Guilty_execution_of_burning_at_the_stake,56.2639,9.5018,region
1622,Mette_Jensdatter_Hiort,Female,"Rom, Nørrejylland",Witchcraft,Guilty_execution_of_burning_at_the_stake,56.2639,9.5018,region
1622,Kirsten_Jensdatter_Skou,Female,"Gudum, Nørrejylland",Witchcraft,Guilty_execution_of_burning_at_the_stake,56.2639,9.5018,region
1622,Thyre_Jensdatter,Female,"Løvel, Kistrup, Nørrejylland",Witchcraft_Denunciation_case,Acquitted,56.2639,9.5018,region
1622,Else_Sørensdatter,Female,"Pederstrup, Nørrejylland",Witchcraft_Denunciation_case,Acquitted,56.2639,9.5018,region
1622,Birgitte_Jensdatter,Female,"Vammen, Nørrejylland",Witchcraft_Denunciation_case,Acquitted,56.2639,9.5018,region
1622,Else_Poulsdatter,Female,"Hundborg, Korsgllrd, Nørrejylland",Witchcraft,Acquitted,56.9333,8.6167,town
1622,Kirsten_Laursdatter,Female,"Vammen, Nørrejylland",Witchcraft_Denunciation_case,Acquitted,56.2639,9.5018,region
1622,Maren_Chrestensdatter,Female,"Pederstrup, Nørrejylland",Witchcraft_Denunciation_case,Acquitted,56.2639,9.5018,region
1622,Kirsten_Smeds,Female,"Holbæk, Sjælland",Witchcraft,Guilty_execution_of_burning_at_the_stake,55.7186117,11.7135474,original
1622,Karen_Broksdatter,Female,"Nørlyng Herred, Nørrejylland",Witchcraft,Guilty_execution_of_burning_at_the_stake,56.42,9.32,herred
1622,Hr._Christen_Pedersen_Væver,Male,"Gierslev ved Høng, Gierslev, Sjælland",Secret_Arts,The_king_ordered_that_a_case_be_brought_against_the_priest_at_the_local_diocesan_synod_landemode,55.49056,11.32121,original
1622,Nogle_trolddomssager,multiple_people,Lolland-Falster,Witchcraft,"Joergen_Grubbe_was_ordered_by_the_king_to_take_charge_of_some_Witchcraft_cases_on_Lolland-Falster,_since_the_new_judge_there_Holger_Bilde_could_not_himself_pass_judgment_as_he_was_the_plaintiff_in_the_cases",54.698938,11.442503,original
1622,Sidse_Tues,Female,"Skovshoved, Sjælland",Secret_Arts,"Banishment_Sentenced_under_the_1617_ordinance_on_Secret_Arts_She_presumably_also_forfeited_her_share_of_the_marital_estate_boslod_as_the_law_dictated,_though_this_is_not_stated_directly_in_the_case",55.186226,12.1015527,original
1623,Else_Offersdatter,Female,"Holstebro, Nørrejylland",Witchcraft,Acquitted,56.2639,9.5018,region
1623,Johane_Pallis,Female,"Dejbjerg, Vognbjerg, Nørrejylland",Witchcraft,Acquitted,56.2639,9.5018,region
1623,Anne_Sørensdatter,Female,"Ydby, Nørrejylland",Witchcraft,Acquitted,56.2639,9.5018,region
1623,Karen_Olufsdatter,Female,"Vindblæs, Nørrejylland",Witchcraft,Acquitted,56.2639,9.5018,region
1623,Maren_Sørensdatter_Kønn,Female,"Mariager, Nørrejylland",Witchcraft,Acquitted,56.6472,9.9822,town
1623,Johane_Gregersdatter_Kump,Female,"Fjaltring, Nørrejylland",Witchcraft,Guilty_execution_of_burning_at_the_stake,56.2639,9.5018,region
1623,Hans_Mortensen_Hundmand,Male,"Resen, Nørrejylland",Witchcraft,Acquitted,56.2639,9.5018,region
1623,Karen_Madsdatter,Female,"Vester-Hassing, Nørrejylland",Witchcraft,"A_church_jury_kirkenaevn_still_had_to_be_sworn_in_at_the_local_court,_so_Viborg_regional_court_landsting_sent_the_case_back",56.2639,9.5018,region
1623,Maren_Laustdatter,Female,"Vester-Hassing, Nørrejylland",Witchcraft_Denunciation_case,Acquitted,56.2639,9.5018,region
1623,Mette_Nielsdatter,Female,"Vester-Hassing, Nørrejylland",Witchcraft_Denunciation_case,Acquitted,56.2639,9.5018,region
1623,Anne_Mortensdatter,Female,"Vester-Hassing, Houlgård, Nørrejylland",Witchcraft_Denunciation_case,Acquitted,56.2639,9.5018,region
1623,Jens_Mortensen,Male,"Kattrup, Overby, Nørrejylland",Witchcraft,Acquitted,56.2639,9.5018,region
1623,Anne_Suendsdatter,Female,"Fabjerg, Nørrejylland",Witchcraft,Acquitted,56.2639,9.5018,region
1623,Jens_Olesen,Male,"Skyum, Nørrejylland",Witchcraft,Acquitted,56.2639,9.5018,region
1623,Maren_Jensdatter_Det_wilde_faar,Female,"Strandby, Overskov, Nørrejylland",Witchcraft,Guilty_execution_of_burning_at_the_stake,57.4667,10.5167,town
1623,Anne_Jensdatter_Hiordquone,Female,"Als, Nørrejylland",Witchcraft,Acquitted,56.2639,9.5018,region
1623,Anne_Jespersdatter_Sand,Female,"Odby, Nørrejylland",Witchcraft,Guilty_execution_of_burning_at_the_stake,56.2639,9.5018,region
1623,Karen_Andersdatter,Female,"Fabjerg, Biøring, Nørrejylland",Witchcraft,Acquitted,56.2639,9.5018,region
1623,Margrete_Andersdatter,Female,"Brovst, Nøryse, Nørrejylland",Witchcraft,Acquitted,57.0975,9.5219,town
1623,Chresten_Chrestensen_Find,Male,"Hvidbjerg, Egebjerg, Nørrejylland",Witchcraft,Acquitted,56.2639,9.5018,region
1623,Mette_Madsdatter,Female,"Odby, Nørrejylland",Witchcraft_Denunciation_case,Acquitted,56.2639,9.5018,region
1623,Karin_Hansdatter,Female,"Odby, Serup, Nørrejylland",Witchcraft_Denunciation_case,Acquitted,56.2639,9.5018,region
1623,Karen_Madsdatter,Female,"Hvidbjerg, Hellerød, Nørrejylland",Witchcraft_Denunciation_case,Acquitted,56.2639,9.5018,region
1623,Niels_Chrestensen,Male,"Odby, Nørrejylland",Witchcraft_Denunciation_case,Acquitted,56.2639,9.5018,region
1623,Ane_Lauritzdatter,Female,"Sæby, Nørrejylland",Witchcraft,Acquitted,57.3333,10.5333,town
1623,Anne_Jensdatter,Female,"Ranum, Randum, Nørrejylland",Witchcraft,Acquitted,56.2639,9.5018,region
1623,Anne_Jensdatter,Female,"Randum, Nørrejylland",Witchcraft,Acquitted,56.2639,9.5018,region
1623,Mette_Poulsdatter,Female,"Randum, Nørrejylland",Witchcraft,Acquitted,56.2639,9.5018,region
1623,Jens_Jørgensens_wife,Male,"Lemvig, Nørrejylland",Witchcraft,Acquitted,56.5497,8.3086,town
1623,Maren_Jensdatter_Slader,Female,"Lemvig, Nørrejylland",Witchcraft,Guilty_execution_of_burning_at_the_stake,56.5497,8.3086,town
1623,Dorthe_Madsdatter,Female,"Odby, Serup, Nørrejylland",Witchcraft_Denunciation_case,Acquitted,56.2639,9.5018,region
1623,Birthe_Laursdatter,Female,"Hyllebjerg, Boldrup, Nørrejylland",Witchcraft,Guilty_Banishment,56.2639,9.5018,region
1623,Citzell_Chrestensdatter_Møller,Female,"Holstebro, Nørrejylland",Witchcraft,Guilty_execution_of_burning_at_the_stake,56.2639,9.5018,region
1623,Maren_Jensdatter,Female,"Nørre-Nissum, Vang, Nørrejylland",Witchcraft,Guilty_execution_of_burning_at_the_stake,56.2639,9.5018,region
1623,Maren_Jensdatter,Female,"Nørre-Nissum, Vang, Nørrejylland",Witchcraft,Acquitted,56.2639,9.5018,region
1623,Dorte_Sørensdatter,Female,"Vejby, Veiby, Nørrejylland",Witchcraft,Acquitted,56.2639,9.5018,region
1623,Maren_Christensdatter,Female,"Nørre-Nissum, Vang, Nørrejylland",Witchcraft,Guilty_execution_of_burning_at_the_stake,56.2639,9.5018,region
1623,Maren_Pedersdatter,Female,"Grynderup, Nørrejylland",Witchcraft_Denunciation_case,Acquitted,56.2639,9.5018,region
1623,Thyrre_Pedersdatter,Female,"Hjørring, Sakstrup, Nørrejylland",Witchcraft,Guilty_Banishment,57.4649,9.98,town
1623,Kirsten_lbsdatter,Female,"Mygdal, Møgeldal, Nørrejylland",Witchcraft,Guilty_execution_of_burning_at_the_stake,56.2639,9.5018,region
1623,Maren_Michelsdatter_Beryder,Female,"Harboør, Nørrejylland",Witchcraft,Guilty_execution_of_burning_at_the_stake,56.2639,9.5018,region
1623,Birgitte_Chrestensdatter,Female,"Sankt Hans, Krustrup, Nørrejylland",Witchcraft,Guilty_execution_of_burning_at_the_stake,56.2639,9.5018,region
1623,Maren_Nielsdatter,Female,"Odby, Siørup, Nørrejylland",Witchcraft_Denunciation_case,Acquitted,56.2639,9.5018,region
1623,Jens_Andersen_Skreder,Male,"Hørby, Kur, Nørrejylland",Witchcraft,Acquitted,56.2639,9.5018,region
1623,Kirsten_Eschesdatter,Female,"Gudum, Havskov, Nørrejylland",Witchcraft_Denunciation_case,Acquitted,56.2639,9.5018,region
1623,Maren_Pedersdatter_Færgekone,Female,"Lovns, Hvalpsund, Nørrejylland",Witchcraft_Denunciation_case,Acquitted,56.7333,9.2,town
1623,Maren_Jensdatter,Female,"Lovns, Hole, Nørrejylland",Witchcraft_Denunciation_case,Acquitted,56.7333,9.2,town
1623,Kirsten_Laursdatter,Female,"Ullits, Nørrejylland",Witchcraft_Denunciation_case,Acquitted,56.2639,9.5018,region
1623,Kirsten_Jensdatter_Rytter,Female,"Resen, Bæk, Nørrejylland",Witchcraft,Guilty_execution_of_burning_at_the_stake,56.2639,9.5018,region
1623,Maren_Olufsquone,Female,"Holstebro, Nørrejylland",Witchcraft,Acquitted,56.2639,9.5018,region
1623,Johane_Andersdatter,Female,"Vester-Hassing, V Hassing, Nørrejylland",Witchcraft,Guilty_execution_of_burning_at_the_stake,56.2639,9.5018,region
1623,Hose_Mette_Jensdatter,Female,"Elling, Nørrejylland",Witchcraft,Guilty_execution_of_burning_at_the_stake,57.45,10.4667,town
1623,Chresten_Sørensen_Klørknægt,Male,"Råbjerg, Ålbæk, Nørrejylland",Witchcraft,Guilty_execution_of_burning_at_the_stake,56.2639,9.5018,region
1623,Anne_Giertsdatter,Female,"Hørby, Nørrejylland",Witchcraft,Guilty_execution_of_burning_at_the_stake,56.2639,9.5018,region
1623,Erik_Christensen_Spill,Male,"Hjerm, Hjerm herredsting, Nørrejylland",Witchcraft,Guilty_execution_of_burning_at_the_stake,56.42,8.55,herred
1623,Chresten_Pedersen,Male,"Gudum, Havskov, Nørrejylland",Witchcraft_Denunciation_case,Acquitted,56.2639,9.5018,region
1623,Margrethe_Peder_Mortensens_kvinde,Female,Møn,Witchcraft,Guilty_execution_of_burning_at_the_stake,54.9698431,12.424946,original
1623,Bodil_Brun,Female,"Råbylille, Møn",Witchcraft,Unknown,54.95,12.3,town
1623,Maren_Kamps,Female,Møn,Witchcraft,Unknown,54.9698431,12.424946,original
1623,Johanne_Skrædders,Female,Møn,Witchcraft,Unknown,54.9698431,12.424946,original
1623,Anne_Melkors,Female,"Ålebæk, Møn",Witchcraft,Unknown,54.95,12.3,town
1623,Anne_Kurremands,Female,"Magleby, Møn",Witchcraft,Unknown,54.9829599,12.4826762,original
1623,Anne_Mogenses,Female,Møn,Witchcraft,Unknown,54.9698431,12.424946,original
1623,Maren_Jep_Fynboes,Female,"Mandemarke, Møn",Witchcraft,Guilty_execution_of_burning_at_the_stake,54.9720395,12.4808806,original
1623,Karen_Peder_Smeds,Female,"Torpe, Møn",Witchcraft,Fled,54.95,12.3,town
1623,Ludvig_Tatter,Male,Møn,Witchcraft,Guilty_execution_of_burning_at_the_stake,54.9698431,12.424946,original
1623,Hans_Kamps,Male,Møn,Witchcraft,Guilty_execution_of_burning_at_the_stake,54.9698431,12.424946,original
1623,Johanne_Andersdatter,Female,"Aalborg, Vester Hassing, Nørrejylland",Witchcraft,Guilty_execution_of_burning_at_the_stake,57.0488,9.9217,town
1623,Anne_Peters/Pejters,Female,"Vestre herred, Møn",Witchcraft,Unknown,54.95,12.3,town
1623,Mette_Utters,Female,"Skovhuse, Møn",Witchcraft,Guilty_execution_of_burning_at_the_stake,54.95,12.3,town
1624,Chresten_Chrestensen_Find,Male,"Hvidbjerg, Egebjerg, Nørrejylland",Witchcraft,Acquitted,56.2639,9.5018,region
1624,Kirsten_Eschisdatter,Female,"Gudum, Havskov, Nørrejylland",Witchcraft,Acquitted,56.2639,9.5018,region
1624,Maren_Willumsdatter_Fialtring,Female,"Nørre-Omme, Nr. Omme, Nørrejylland",Witchcraft,Guilty_execution_of_burning_at_the_stake,56.2639,9.5018,region
1624,Knud_Jensen_Korsgård,Male,"Holstebro, Nørrejylland",Witchcraft_Denunciation_case,Acquitted,56.2639,9.5018,region
1624,Chresten_Lauritzen,Male,"Resen, Havgård, Nørrejylland",Witchcraft,Guilty_execution_of_burning_at_the_stake,56.2639,9.5018,region
1624,Anne_Madsdatter,Female,"Hvidbjerg, Semb, Nørrejylland",Witchcraft,Acquitted,56.2639,9.5018,region
1624,Bergitte_Sørensquone,Female,"Øster-Hassing, Nørrejylland",Witchcraft,Acquitted,56.2639,9.5018,region
1624,Karen_Jensdatter_Rotborg,Female,"Resen, Nørrejylland",Witchcraft,Guilty_execution_of_burning_at_the_stake,56.2639,9.5018,region
1624,Karen_Andersdatter_Winter,Female,"Fabjerg, Nørrejylland",Witchcraft,Guilty_execution_of_burning_at_the_stake,56.2639,9.5018,region
1624,Enger_Jepsdatter_Kollj,Female,"Nørre-Nissum, Varhede, Nørrejylland",Witchcraft_Denunciation_case,Acquitted,56.2639,9.5018,region
1624,Margrethe_Christensdatter,Female,"Nørre-Nissum, Ejdal, Nørrejylland",Witchcraft_Denunciation_case,Acquitted,56.2639,9.5018,region
1624,Karen_Chrestensdatter,Female,"Nørre-Nissum, Kurhøj, Nørrejylland",Witchcraft_Denunciation_case,Acquitted,56.2639,9.5018,region
1624,Karen_Jensdatter_Worumbs,Female,"Randers, Nørrejylland",Witchcraft,Guilty_execution_of_burning_at_the_stake,56.4607,10.0364,town
1624,Gertrud_Pedersdatter_Kaas,Female,"Ørum, Jebjerg, Nørrejylland",Witchcraft,Acquitted,56.2639,9.5018,region
1624,Maren_Jensdatter_Kastbjerg,Female,"Randers, Nørrejylland",Witchcraft,Guilty_execution_of_burning_at_the_stake,56.4607,10.0364,town
1624,Anne_Jensdatter_Worumbs,Female,"Randers, Nørrejylland",Witchcraft,Acquitted,56.4607,10.0364,town
1624,Anne_Lauridtzdatter,Female,"Hobro, Nørrejylland",Witchcraft,Acquitted,56.6389,9.7847,town
1624,Anne_Jenskone,Female,"Viuf, Nørrejylland",Witchcraft,Acquitted,56.2639,9.5018,region
1624,Anne_Jenskone,Female,"Viuf, Nørrejylland",Witchcraft,Guilty_execution_of_burning_at_the_stake,56.2639,9.5018,region
1624,Chresten_Pedersen,Male,"Gudum, Havskov, Nørrejylland",Witchcraft,Acquitted,56.2639,9.5018,region
1624,Karen_Andersdatter_Reff,Female,"Fabjerg, Biøring, Nørrejylland",Witchcraft,Acquitted,56.2639,9.5018,region
1624,Maren_Mogens_Schous,Female,"Randers, Nørrejylland",Witchcraft_Denunciation_case,Acquitted,56.4607,10.0364,town
1624,Margrete_Mogensdatter,Female,"Viuf, Randers, Nørrejylland",Witchcraft_Denunciation_case,Acquitted,56.4607,10.0364,town
1624,Kirsten_salig_Poul_Nielsens,Female,"Tørring, Randers, Nørrejylland",Witchcraft_Denunciation_case,Acquitted,56.4607,10.0364,town
1624,Karen_Rasmusdatter,Female,"Tørring, Dusgård, Nørrejylland",Witchcraft_Denunciation_case,Acquitted,56.2639,9.5018,region
1624,Døretti_Nielsdatter,Female,"Ramsing, Nørrejylland",Witchcraft,Acquitted,56.2639,9.5018,region
1624,Mette_Andersdatter,Female,"Farsø, Nørrejylland",Witchcraft_Denunciation_case,Acquitted,56.7667,9.3333,town
1624,Maren_Jensdatter,Female,"Farsø, Nørrejylland",Witchcraft_Denunciation_case,Acquitted,56.7667,9.3333,town
1624,Karen_Simensdatter_Støgnett,Female,"Farsø, Nørrejylland",Witchcraft_Denunciation_case,Acquitted,56.7667,9.3333,town
1624,Jep_Eschisen,Male,"Tangsgård, Nørrejylland",Witchcraft_Denunciation_case,Acquitted,56.2639,9.5018,region
1624,Anne_Chrestensdatter,Female,"Fjaltring, Hee, Nørrejylland",Witchcraft,Acquitted,56.2639,9.5018,region
1624,Buold_Andersdatter_Finck,Female,"Ferring, Nørrejylland",Witchcraft,Guilty_execution_of_burning_at_the_stake,56.2639,9.5018,region
1624,Mette_Thøgersdatter,Female,"Hem, Nørrejylland",Witchcraft,A_church_jury_kirkenaevn_still_had_to_be_sworn_in_at_the_local_court_so_Viborg_regional_court_landsting_sent_the_case_back,56.2639,9.5018,region
1624,Maren_Jørgensdatter_Brands,Female,"Hornslet, Tendrup, Nørrejylland",Witchcraft,Guilty_Banishment,56.3167,10.3333,town
1624,Anne_Jensdatter,Female,"Vestervig, Nørrejylland",Witchcraft,Guilty_Banishment,56.7719,8.3183,town
1624,Røgett_Elle_Nielsdatter,Female,"Viuf, Nørrejylland",Witchcraft,Guilty_execution_of_burning_at_the_stake,56.2639,9.5018,region
1624,Jens_Nielsen,Male,"Viuf, Nørrejylland",Witchcraft_Denunciation_case,Acquitted,56.2639,9.5018,region
1624,Mette_Hanskone,Female,"Viuf, Nørrejylland",Witchcraft_Denunciation_case,Acquitted,56.2639,9.5018,region
1624,Maren_Pouils,Female,"Smidstrup, Håstrup, Nørrejylland",Witchcraft_Denunciation_case,Acquitted,56.2639,9.5018,region
1624,Maren_Knuds,Female,"Smidstrup, Håstrup, Nørrejylland",Witchcraft_Denunciation_case,Acquitted,56.2639,9.5018,region
1624,Johane_Madsdatter,Female,"Vang, Klostergård, Nørrejylland",Witchcraft,Guilty_Banishment,56.2639,9.5018,region
1624,Dørettj_Jensdatter_Fyrkatt,Female,"Agger, Nørrejylland",Witchcraft,Guilty_execution_of_burning_at_the_stake,56.7833,8.2333,town
1624,Niels_Lauritzen_Neffue,Male,"Hallund, Nørrejylland",Witchcraft,Guilty_execution_of_burning_at_the_stake,57.1833,10.1667,town
1624,Kirsten_Nielsdatter_Suottis,Female,"Gårslev, Nørrejylland",Witchcraft,Acquitted,56.2639,9.5018,region
1624,Else_Schougårds,Female,"Gauerslund, Andkjær, Nørrejylland",Witchcraft,Acquitted,56.2639,9.5018,region
1624,Maren_Nielskone,Female,"Øster-Starup, Skyggebjerg, Nørrejylland",Witchcraft,Acquitted,56.2639,9.5018,region
1624,Anne_Enckis,Female,"Gauerslund, Sellerup, Nørrejylland",Witchcraft,Guilty_execution_of_burning_at_the_stake,56.2639,9.5018,region
1624,Wrsala_Peders,Female,"Smidstrup, Håstrup, Nørrejylland",Witchcraft_Denunciation_case,Acquitted,56.2639,9.5018,region
1624,Jens_Sørensen,Male,"Vejrum, Tinggård, Nørrejylland",Witchcraft,Acquitted,56.2639,9.5018,region
1624,Unknown,Unknown,"Køge, Sjælland",Witchcraft,Guilty_execution_of_burning_at_the_stake,55.4565009,12.1818964,original
1624,Jens_Skomagers_kone,Female,"Østermarie, Bornholm, Skånelandene",Witchcraft,Guilty_execution_of_burning_at_the_stake,55.9833,13.5833,region
1624,Christoffer_Olsens_kone,Female,"Knudsker, Bornholm, Skånelandene",Witchcraft,Guilty_execution_of_burning_at_the_stake,55.9833,13.5833,region
1624,Kirsten_Jensdatter,Female,"Skam herred, Agernæs birk, Fyn",Witchcraft,Guilty_execution_of_burning_at_the_stake,55.3333,10.4167,region
1624,Maren_Niels_Findsens,Female,"Skam herred, Agernæs birk, Fyn",Witchcraft,Guilty_execution_of_burning_at_the_stake,55.3333,10.4167,region
1624,Kiersten_Peder_Christophersens,Female,Langeland,Witchcraft,Unknown,54.9432304,10.7775084,original
1624,Litse_Ifver_Madtsens,Female,Langeland,Witchcraft,Unknown,54.9432304,10.7775084,original
1624,Gertrud_Bayes,Female,Langeland,Witchcraft,Unknown,54.9432304,10.7775084,original
1624,Boel_Lundenes,Female,Langeland,Witchcraft,Unknown,54.9432304,10.7775084,original
1624,Boeld_Hellis,Female,Møn,Witchcraft,Unknown,54.9698431,12.424946,original
1624,Kirsten_Peders,Female,Langeland,Witchcraft,Unknown,54.9432304,10.7775084,original
1624,Lutze_Iffuers,Female,Langeland,Witchcraft,Unknown,54.9432304,10.7775084,original
1624,Boel_Lundenes,Female,Langeland,Witchcraft,Unknown,54.9432304,10.7775084,original
1624,Maren_Skow,Female,Langeland,Secret_Arts,Unknown,54.9432304,10.7775084,original
1624,Maren_Peder_Jensens,Female,Møn,Witchcraft,Guilty,54.9698431,12.424946,original
1624,Gertrud_Boesdatter,Female,"Stubbekøbing, Falster",Witchcraft,Guilty_execution_of_burning_at_the_stake,54.8833,12.0333,town
1625,Karin_Anderskone,Female,"Gauerslund, Børkop, Nørrejylland",Witchcraft_Denunciation_case,Acquitted,56.2639,9.5018,region
1625,Maren_Peders,Female,"Gauerslund, Børkop, Nørrejylland",Witchcraft_Denunciation_case,Acquitted,56.2639,9.5018,region
1625,Barbra_Chrestensdatter,Female,"Odby, Nørrejylland",Witchcraft,Guilty_Banishment,56.2639,9.5018,region
1625,Karen_Thamesdatter_Dausgård,Female,"Århus, Nørrejylland",Witchcraft,Guilty_execution_of_burning_at_the_stake,56.1629,10.2039,town
1625,Else_Jensdatter,Female,"Hals, Nørrejylland",Witchcraft,Acquitted,57.0833,10.3167,town
1625,Maren_Thamesdatter_Thrinhosses,Female,"Brabrand, Nørrejylland",Witchcraft,Guilty_execution_of_burning_at_the_stake,56.2639,9.5018,region
1625,Kirsten_Sørensdatter_Thalle_stumpes,Female,"Århus, Nørrejylland",Witchcraft,Guilty_Banishment,56.1629,10.2039,town
1625,Sofie_Jensdatter,Female,"Durup, Nørrejylland",Witchcraft,Acquitted,56.2639,9.5018,region
1625,Willum_Jørgensen_Krogstrup,Male,"Års, Nørrejylland",Witchcraft,Unknown,56.8017,9.5158,town
1625,Mette_Bertelsdatter_Brandewins,Female,"Vestervig, Randrup, Nørrejylland",Witchcraft,Acquitted,56.7719,8.3183,town
1625,Jens_Andersen,Male,"Ranum, Randum, Nørrejylland",Witchcraft,Acquitted,56.2639,9.5018,region
1625,Ane_Nielsdatter_Gaffueds,Female,"Rind, Vognbjerg, Nørrejylland",Witchcraft,Acquitted,56.2639,9.5018,region
1625,Gregers_Jensen,Male,"Hørdam, Hvordrup, Nørrejylland",Witchcraft_Denunciation_case,Acquitted,56.2639,9.5018,region
1625,Cresten_Pedersen,Male,"Samstgård, Nørrejylland",Witchcraft_Denunciation_case,Acquitted,56.2639,9.5018,region
1625,Karen_Nielsdatter,Female,"Vestervig, Randrup, Nørrejylland",Witchcraft_Denunciation_case,Acquitted,56.7719,8.3183,town
1625,Thamis_Christensen,Male,"Vestervig, Røjkær, Nørrejylland",Witchcraft_Denunciation_case,Acquitted,56.7719,8.3183,town
1625,Kirsten_Michels,Female,"Dejbjerg, Råbjerg, Nørrejylland",Witchcraft,Acquitted,56.2639,9.5018,region
1625,Rasmus_Ingeisen,Male,"Odder, Nørrejylland",Witchcraft_Denunciation_case,Guilty,56.2639,9.5018,region
1625,Buold_Jensdatter_Dei,Female,"Fræer, Nørrejylland",Witchcraft,Indefinite_verdict,56.2639,9.5018,region
1625,Ane_Lauritzdatter,Female,"Sønder-Borris, Borris, Nørrejylland",Witchcraft,Guilty_execution_of_burning_at_the_stake,55.9,8.6333,town
1625,Maren_Suendsdatter_Norre,Female,"Borbjerg, Nr. Trabjerg, Nørrejylland",Witchcraft,Guilty_execution_of_burning_at_the_stake,56.2639,9.5018,region
1625,Ane_Sørensdatter,Female,"Borbjerg, Nr. Trabjerg, Nørrejylland",Witchcraft,Guilty_execution_of_burning_at_the_stake,56.2639,9.5018,region
1625,Buold_Jensdatter,Female,"Simested, Sinested, Nørrejylland",Witchcraft,Acquitted,56.2639,9.5018,region
1625,Ane_Pedersdatter,Female,"Sønder-Borris, Døvelmose, Nørrejylland",Witchcraft,Acquitted,56.2639,9.5018,region
1625,Nogle_på_Møn_henrettede_troldkvinder,Female,Møn,Witchcraft,Guilty_execution_of_burning_at_the_stake,54.9698431,12.424946,original
1625,Kvinde,Female,"Bornholm, Skånelandene",Witchcraft,Guilty_execution_of_burning_at_the_stake,55.9833,13.5833,region
1625,Søren_Møllers_wife,Female,"Stubbekøbing, Falster",Witchcraft,Guilty_execution_of_burning_at_the_stake,54.8833,12.0333,town
1625,Unknown,Female,"Roskilde, Sjælland",Witchcraft,Unknown,55.6433478,12.0819247,original
1625,Unknown,Male,"Lund, Skånelandene",Witchcraft_and_Secret_Arts,The_bailiff_was_to_punish_him_severely_according_to_the_verdict,55.7047,13.191,town
1625,Landsdommerens_på_Møn_kone,Female,Møn,Witchcraft_Denunciation,Unknown,54.9698431,12.424946,original
1625,En_skrædder,Male,"Lundemæs_len, Nørrejylland",Fornication_and_Secret_Arts_Morality_case_and_Witchcraft_case,The_bailiff_was_to_punish_him_for_both_types_of_offence,56.2639,9.5018,region
1625,Unknown,Female,"Lundemæs_len, Nørrejylland",Secret_Arts,Unknown,56.2639,9.5018,region
1625,Else_Thorkels,Female,"Køge, Sjælland",Witchcraft,Unknown,55.4565009,12.1818964,original
1625,Marine_Pommerantiz,Female,"Helsingør, Sjælland",Witchcraft,Unknown,56.0347693,12.6133829,original
1625,Bodil_Monsis,Female,"Stubbekøbing, Falster",Witchcraft,Guilty_She_and_her_husband_are_listed_as_having_fled_in_the_town_bailiff's_accounts,54.8833,12.0333,town
1626,Mads_Andersen,Male,"Fur, Nørrejylland",Witchcraft,Acquitted,56.8167,9.0333,town
1626,Maren_Knudsdatter_Byrgis,Female,"Randers, Nørrejylland",Witchcraft,Guilty_execution_of_burning_at_the_stake,56.4607,10.0364,town
1626,Anne_Jensdatter_Justis,Female,"Udby, Nørrejylland",Witchcraft,Acquitted,56.2639,9.5018,region
1626,Maren_Jespersdatter_Pes_for_hordtt,Female,"Horsens, Nørrejylland",Witchcraft,Guilty_execution_of_burning_at_the_stake,55.8607,9.8503,town
1626,Jens_Christensen,Male,"Veggerslev, Nørrejylland",Witchcraft_Denunciation_case,Acquitted,56.2639,9.5018,region
1626,Maren_Chrestensdatter,Female,"Randers, Nørrejylland?",Witchcraft_Denunciation_case,Acquitted,56.4607,10.0364,town
1626,Kirsten_Jensdatter,Female,"Fur, Nørrejylland",Witchcraft,Acquitted,56.8167,9.0333,town
1626,Maren_Pedersdatter,Female,"Låstrup, Nørrejylland",Witchcraft,Guilty_execution_of_burning_at_the_stake,56.2639,9.5018,region
1626,Karin_Jensdatter,Female,"Agger, Ø. Agger, Nørrejylland",Witchcraft,Acquitted,56.7833,8.2333,town
1626,Inge_Jensdatter_Schonings,Female,"Aså-Melholt, Melholt, Nørrejylland",Witchcraft,Guilty_execution_of_burning_at_the_stake,57.1833,10.3833,town
1626,Ane_Hans_Murmands,Female,"Horsens, Nørrejylland",Witchcraft,Acquitted,55.8607,9.8503,town
1626,Kirsten_Clemidtzdatter,Female,"Vandborg, Råbjerg, Nørrejylland",Witchcraft,Acquitted,56.2639,9.5018,region
1626,Anne_Oluf_Schous,Female,"Borre, Møn",Witchcraft,Unknown,50.4483938,3.9033161,original
1626,Maren_Jep_Navers,Female,"Borre, Møn",Witchcraft,Guilty_execution_of_burning_at_the_stake,50.4483938,3.9033161,original
1626,Maren_Peder_Ejesens,Female,"Borre, Møn",Witchcraft,Guilty_execution_of_burning_at_the_stake,50.4483938,3.9033161,original
1626,Karen_Rasmus_Rødhårs,Female,"Ålebæk, Møn",Witchcraft,Guilty_execution_of_burning_at_the_stake,54.95,12.3,town
1626,Nogle_kvinder,Female,"Faxe, Sjælland",Witchcraft,Unknown,55.2521203,12.1142399,original
1626,Anne_Rasmus_Kurremands,Female,"Magleby, Møn",Witchcraft,Unknown,54.9829599,12.4826762,original
1626,Anne_Niels_Lauridsens,Female,"Vestud, Møn",Witchcraft,Unknown,54.95,12.3,town
1626,Else_Lauersdatter,Female,"Aalborg, Nørrejylland",Witchcraft_or_Secret_Arts,Unknown,57.0488,9.9217,town
1626,Magdalene_Madsdatter,Female,"Aalborg, Nørrejylland",Witchcraft_or_Secret_Arts,Unknown,57.0488,9.9217,town
1626,Inger_Nielsdatter_Jens_Andersen_Wodskovs,Female,"Aalborg, Nørrejylland",Accomplice_Secret_Arts,Unknown,57.0488,9.9217,town
1626,Jens_Andersen_Wodskov,Male,"Aalborg, Nørrejylland",Accomplice_Secret_Arts,Guilty_fine_and_public_penance_confirmed_at_the_regional_court_landsting,57.0488,9.9217,town
1626,Christen_Johansens_kone,Female,"Gøl, Nørrejylland",Witchcraft_or_Secret_Arts_Defamation_case,Unknown,57.0833,9.6833,town
1626,Birgitte_Schonning_eller_Birgitte_Laurids_Svendsens,Female,"Helsingør, Sjælland",Witchcraft,Guilty_execution_of_burning_at_the_stake,56.0347693,12.6133829,original
1626,Citze_Terschers,Female,"Helsingør, Sjælland",Witchcraft,Guilty_execution_of_burning_at_the_stake,56.0347693,12.6133829,original
1626,Maren_Peder_Holsts,Female,"Helsingør, Sjælland",Witchcraft_Denunciation,No_charge,56.0347693,12.6133829,original
1626,Gundel_Grøn,Female,"Helsingør, Sjælland",Witchcraft_Denunciation_case,No_charge_She_was_questioned_at_the_town_hall_raadstue_but_no_case_was_ever_brought_against_her,56.0347693,12.6133829,original
1626,Maren_Jeppis,Female,"Helsingør, Sjælland",Witchcraft_Denunciation_case,No_charge_She_appeared_in_court_where_she_rejected_the_accusation_there_does_not_appear_to_have_been_any_case_brought_against_her,56.0347693,12.6133829,original
1626,Trine_Bondes,Female,"Helsingør, Sjælland",Witchcraft_Denunciation_case,No_charge_She_appeared_in_court_where_she_rejected_the_accusation_She_admitted_however_that_she_herself_had_been_an_accomplice/client_of_Maren_Ringsbjerg_There_does_not_appear_to_have_been_any_case_brought_against_her,56.0347693,12.6133829,original
1626,Bente_Jeppis,Female,"Helsingør, Sjælland",Witchcraft_Denunciation,No_charge,56.0347693,12.6133829,original
1626,Mette_Ebbes_Krøcherkierling,Female,"Helsingør, Sjælland",Witchcraft,Guilty_execution_of_burning_at_the_stake,56.0347693,12.6133829,original
1626,Anne/Hanne_Hans_Adamsens,Female,"Helsingør, Sjælland",Witchcraft_Denunciation_case,"No_charge_Her_husband_stood_surety_for_her,_and_she_denied_all_accusations.",56.0347693,12.6133829,original
1626,Anne_Søfren_Lunds/Søfren_Laursens,Female,"Helsingør, Sjælland",Witchcraft_Denunciation_case,No_charge_She_denied_everything_in_court_Before_the_execution_of_Citze_Terskers_who_had_named_her_the_latter_admitted_that_she_had_lied_about_the_naming,56.0347693,12.6133829,original
1626,Boel_Niels_Olsens,Female,"Helsingør, Sjælland",Witchcraft_Denunciation,No_charge,56.0347693,12.6133829,original
1626,Kirstin_Christen_Savskærers,Female,"Helsingør, Sjælland",Witchcraft_Denunciation,No_charge,56.0347693,12.6133829,original
1626,Niels,Male,"Skåne, Skånelandene",Witchcraft_or_Secret_Arts,No_charge_He_appears_in_the_trial_against_Marine_Hoffmand_in_Helsingoer_but_no_charge_was_brought_against_him_despite_witnesses_to_his_magical_activities,55.9833,13.5833,region
1626,Anna_Bjørnsdatter,Female,"Helsingør, Sjælland",Witchcraft_or_Secret_Arts,No_charge_She_appears_in_trials_in_Helsingoer_but_no_charge_was_brought_against_her_despite_witnesses_to_her_magical_activities,56.0347693,12.6133829,original
1626,Citze_Bødkers,Female,"Helsingør, Sjælland",Witchcraft,Guilty_execution_of_burning_at_the_stake,56.0347693,12.6133829,original
1626,Malene_Jeppes,Female,"Neble, Møn",Witchcraft,Guilty_execution_of_burning_at_the_stake,54.95,12.3,town
1626,Maren_Urtegaards,Female,"Helsingør, Sjælland",Witchcraft,Guilty_execution_of_burning_at_the_stake,56.0347693,12.6133829,original
1626,Else_Fiskers,Female,"Helsingør, Sjælland",Witchcraft,Guilty_execution_of_burning_at_the_stake,56.0347693,12.6133829,original
1626,Maren_Jens_Hoffmands,Female,"Helsingør, Sjælland",Witchcraft,Guilty_execution_of_burning_at_the_stake,56.0347693,12.6133829,original
1626,Maren_Pomerantzis,Female,"Helsingør, Sjælland",Witchcraft,Guilty_execution_of_burning_at_the_stake,56.0347693,12.6133829,original
1626,Karen_Rasmus_Plovs,Female,"Svensmarke, Møn",Witchcraft,Fled,54.9763861,12.310217,original
1626,Anne_Pedersdatter,Female,"Malmø, Skånelandene",Witchcraft_or_Secret_Arts,Guilty_Banishment,55.605,13.0038,town
1627,Kirsten_Nielsdatter,Female,"Hyllebjerg, Nørrejylland",Witchcraft,Acquitted,56.2639,9.5018,region
1627,Jesper_Mortensen,Male,"Kattrup, Overby, Nørrejylland",Witchcraft,Acquitted,56.2639,9.5018,region
1627,Mogens_Snedkers_kone,Male,"Skodborg, Nørrejylland",Witchcraft_or_Secret_Arts_Defamation_case,Acquitted,56.4667,8.4167,herred
1627,Johane_Sørensdatter_Rebslars,Female,"Kolind, Nørrejylland",Witchcraft,Acquitted,56.3667,10.5833,town
1627,Anne_Hansquone,Female,"Ål, Nørrejylland",Witchcraft,Guilty_execution_of_burning_at_the_stake,56.4531684,9.4075049,original
1627,Mette_Jensdatter,Female,"Gedsted, Nørrejylland",Witchcraft,Acquitted,56.2639,9.5018,region
1627,Johanne_Pedersdatter,Female,"Aalborg, Nørrejylland",Witchcraft_or_Secret_Arts,Unknown,57.0488,9.9217,town
1627,Jakob_Fisker,Male,"Malmø, Skånelandene",Witchcraft_or_Secret_Arts,Settlement,55.605,13.0038,town
1629,Maren_Nielsdatter,Female,"Hals, Nørrejylland",Witchcraft,Guilty_execution_of_burning_at_the_stake,57.0833,10.3167,town
1629,Boel_Pedersdatter,Female,"Næstved, Sjælland",Witchcraft,Guilty_execution_of_burning_at_the_stake,55.2328252,11.7674102,original
1629,Maren_Olufsdatter,Female,"Nakskov, Lolland",Witchcraft,Unknown,54.8304979,11.1493517,original
1629,Abel_Hansdatter,Female,Lolland,Witchcraft,Unknown,54.7772537,11.4156894,original
1629,Else_Jensdatter,Female,"Hellum herred, Nørrejylland",Witchcraft,Unknown,56.9167,10.15,herred
1629-1630,Krøbel_Maren,Female,"Hellum herred, Nørrejylland",Witchcraft,Guilty_execution_of_burning_at_the_stake,56.9167,10.15,herred
1630,Karen_Sørensdatter,Female,"Hindborg, Nørrejylland",Witchcraft,Acquitted,56.2639,9.5018,region
1630,Karen_Olufsdatter,Female,"Melholt, Nørrejylland",Witchcraft_Denunciation_case,Acquitted,57.1833,10.3833,town
1630,Niels_Lauridsen,Male,"Læsø, Nørrejylland",Witchcraft,Guilty_execution_of_burning_at_the_stake,57.2667,11.0,town
1630,Inger_Mortensdatter,Female,"Læsø, Nørrejylland",Witchcraft,Acquitted,57.2667,11.0,town
1630,Karen_Jensdatter,Female,"Læsø, Nørrejylland",Witchcraft,Acquitted,57.2667,11.0,town
1630,Else_Nielsdatter,Female,"Læsø, Nørrejylland",Witchcraft,Unknown,57.2667,11.0,town
1630,Kirsten_Jensdatter_Hiørdekone,Female,"Lisbjerg, Nørrejylland",Witchcraft,Acquitted,56.2639,9.5018,region
1630,Kirsten_Jensdatter_Hiørdekone,Female,"Lisbjerg, Nørrejylland",Witchcraft,Guilty_execution_of_burning_at_the_stake,56.2639,9.5018,region
1630,Apelone_Perquone,Female,"Ål, Nørrejylland",Witchcraft,Acquitted,56.4531684,9.4075049,original
1630,Maes_Anne_Knudsdatter,Female,"Ål, Nørrejylland",Witchcraft,Acquitted,56.4531684,9.4075049,original
1630,Unknown,Female,"Skåne, Villands herred, Skånelandene",Witchcraft,Guilty_execution_of_burning_at_the_stake,56.1,14.1,herred
1630,Mindst_én_person,multiple_people,Sjælland,Unknown,Unknown,55.5455979,11.6973741,original
1630,Lamme_Heine,Female,"København, Sjælland",Witchcraft,Guilty_execution_of_burning_at_the_stake,55.664265,12.5736138,original
1630-1650,Hr._Ole_Clausen,Male,"Nørre Horne herred, Nørrejylland",Witchcraft,Unknown,55.75,8.38,herred
1630,Anne_Jensdatter,Female,"Hellum herred, Nørrejylland",Witchcraft,Unknown,56.9167,10.15,herred
1631,Anne_Andersdatter,Female,"Læsø, Nørrejylland",Witchcraft_Denunciation_case,Acquitted,57.2667,11.0,town
1631,Johane_Albrechtsdatter,Female,"Læsø, Nørrejylland",Witchcraft_Denunciation_case,Acquitted,57.2667,11.0,town
1631,Maren_Lauridsdatter,Female,"Læsø, Nørrejylland",Witchcraft_Denunciation_case,Acquitted,57.2667,11.0,town
1631,Maren_Chrestensdatter,Female,"Sevel, Jattrup, Nørrejylland",Witchcraft,Acquitted,56.2639,9.5018,region
1631,Maren_Olufskone,Female,"Holstebro, Nørrejylland",Witchcraft,Guilty_execution_of_burning_at_the_stake,56.2639,9.5018,region
1631,Anne_Boelisdatter,Female,"Nors, Binding, Nørrejylland",Witchcraft,Acquitted,56.2639,9.5018,region
1631,Anne_Erichsdatter,Female,"Vejby, Nørrejylland",Witchcraft,Acquitted,56.2639,9.5018,region
1631,Anne_Jensdatter,Female,"Lee, Nørrejylland",Witchcraft,Acquitted,56.2639,9.5018,region
1631,Karin_Jespersdatter,Female,"Koed, Nørrejylland",Witchcraft,Acquitted,56.2639,9.5018,region
1631,Anne_Michelsdatter_Matquone,Female,"Dråby, Nørrejylland",Witchcraft,Acquitted,56.2639,9.5018,region
1631,Ingeborg_Madskone,Female,"Ovtrup, Vittarp, Nørrejylland",Witchcraft_or_Secret_Arts_Defamation_case,Acquitted,56.2639,9.5018,region
1631,Anne_Friiskone,Female,Nørrejylland,Witchcraft,Guilty_execution_of_burning_at_the_stake,56.4531684,9.4075049,original
1631,Birgitte_Prammands,Female,"Næstved, Sjælland",Witchcraft,Guilty_execution_of_burning_at_the_stake,55.2328252,11.7674102,original
1631,Maren_Persdatter,Female,"Vester Horne Herred, Kolle-Nørre Nebel, Nørrejylland",Witchcraft,Unknown,55.61,8.26,herred
1631,multiple_people,multiple_people,"Samsø, Sjælland",Witchcraft,A_bailiff_was_ordered_to_bring_proceedings_against_a_number_of_witches_whom_a_priest_believed_had_burned_down_his_house,55.41667,11.83333,original
1631,Anne_Christoffers,Female,"Tybjerg herred, Næsby, Sjælland",Witchcraft_or_Secret_Arts,Unknown,55.79311,11.83982,original
1631,Karin_Fru,Female,"Jerslev herred, Stenum, Nørrejylland",Witchcraft,Guilty_execution_of_burning_at_the_stake._Another_case_confirms_that_she_was_burnt,57.2,10.0333,town
1631,Maren_Pedersdatter,Female,"Jerslev herred, Stenum, Nørrejylland",Witchcraft_Witchcraft_case_or_Denunciation,Unknown,57.2,10.0333,town
1631,Peder_Mortensens_kone,Female,"Kær herred, Hoven, Nørrejylland",Witchcraft,Settlement,57.0833,9.95,herred
1632,Maren_Jensdatter,Female,"Vroue, Nørrejylland",Witchcraft,Acquitted,56.2639,9.5018,region
1632,Anne_Jensdatter,Female,"Lyngby, Nørrejylland",Witchcraft,Acquitted,56.2639,9.5018,region
1632,Maren_Sørensdatter,Female,"Fur, Nørrejylland",Witchcraft,Guilty_Banishment,56.8167,9.0333,town
1632,Maren_Lauritzdatter,Female,"Uldum, Nørrejylland",Witchcraft,Acquitted,56.2639,9.5018,region
1632,Maren_Andersdatter,Female,"Egvad, Tarmbisgård, Nørrejylland",Witchcraft_or_Secret_Arts_Defamation_case,A_church_jury_kirkenaevn_still_had_to_be_sworn_in_at_the_local_court_so_Viborg_regional_court_landsting_sent_the_case_back,55.8778,8.5389,town
1632,Karen_Jenskone,Female,"Sønder-Borris, Ågård, Nørrejylland",Witchcraft_Denunciation_case,Acquitted,56.2639,9.5018,region
1632,Kirsten_Pedersdatter,Female,"Sønder-Borris, Borris, Nørrejylland",Witchcraft_Denunciation_case,Acquitted,55.9,8.6333,town
1632,Jørgen_Simensen,Male,"Faster, Fasterlund, Nørrejylland",Witchcraft,Guilty_execution_of_burning_at_the_stake,56.2639,9.5018,region
1632,Ebbe_Poulsen,Male,"Egvad, Tarm, Nørrejylland",Witchcraft_or_Secret_Arts_Defamation_case,A_church_jury_kirkenaevn_still_had_to_be_sworn_in_at_the_local_court_so_Viborg_regional_court_landsting_sent_the_case_back,55.8778,8.5389,town
1632,Karen_Olufs,Female,"Samsø, Sjælland",Witchcraft,Guilty_execution_of_burning_at_the_stake,55.41667,11.83333,original
1632,Ane_Clauses,Female,"Vordingborg, Stavreby, Sjælland",Witchcraft,Unknown,55.08508,12.14047,original
1632,Peder_Kræmmer,Male,"Jerslev herred, Sønderhede, Nørrejylland",Secret_Arts,Guilty,57.2,10.0333,town
1632,Hans_Knudsen,Male,"Jerslev herred, Sterup, Nørrejylland",Witchcraft_Defamation_case,No_charge_No_case_was_brought_against_him_but_his_accuser_was_brought_to_court_for_Defamation_and_found_to_be_a_liar,57.2,10.0333,town
1632,Ingeborg_Iversdatter,Female,"Aalborg, Nørrejylland",Witchcraft_and_Theft,Unknown,57.0488,9.9217,town
1633,Maren_Jensdatter_Dronningen,Female,"Koed, Koed, Nørrejylland",Witchcraft,Acquitted,56.2639,9.5018,region
1633,Johane_Ibsdatter,Female,"Elling, Nørrejylland",Witchcraft,Guilty_execution_of_burning_at_the_stake,57.45,10.4667,town
1633,Anne_Lauritzdatter,Female,"Flade, Nørrejylland",Witchcraft,Guilty_execution_of_burning_at_the_stake,57.4333,10.3833,town
1633,Maren_Hellisdatter,Female,"Flade, Nørrejylland",Witchcraft,Guilty_execution_of_burning_at_the_stake,57.4333,10.3833,town
1633,Chresten_Tamesen_Smed,Male,"Flade, Nørrejylland",Witchcraft,Guilty_execution_of_burning_at_the_stake,57.4333,10.3833,town
1633,Inger_Gregersdatter,Female,"Elling, Nørrejylland",Witchcraft,Acquitted,57.45,10.4667,town
1633,Niels_Heldevad,Male,"København, Sjælland",Secret_Arts,The_University_of_Copenhagen_was_to_reprimand_Niels_H._for_his_offences,55.664265,12.5736138,original
1633,Laurids_Mortensen,Male,"Kær herred, Øster Hassing, Nørrejylland",Witchcraft_Assault_case_and_Defamation_case,No_charge_The_accuser/assailant_was_brought_to_court_for_Defamation_Outcome_unknown,57.0333,10.05,town
1633,Laurids_Madsen,Male,"Nibe, Nørrejylland",Secret_Arts_and_Theft,Unknown,56.9789,9.6389,town
1633,Karen_Knudsdatter,Female,"Aalborg, Nørrejylland",Witchcraft_or_Secret_Arts,Unknown,57.0488,9.9217,town
1633,Gabriel_Svingfyr_Smed,Male,"Aalborg, Nørrejylland",Secret_Arts,Acquitted_The_bailiff_made_him_promise_that_he_would_no_longer_practise_his_arts,57.0488,9.9217,town
1634,Johane_Jensdatter_Rytter,Female,"Fovsing, Nørrejylland",Witchcraft,Acquitted,56.2639,9.5018,region
1634,Anne_Jensdatter_Drengs,Female,"Skærum, Skjærum, Nørrejylland",Witchcraft,Guilty_execution_of_burning_at_the_stake,56.2639,9.5018,region
1634,Mergrete_Hansdatter_Willumbs,Female,"Lønborg, Nørrejylland",Witchcraft,Guilty_execution_of_burning_at_the_stake,55.9494,8.3486,town
1634,Gunder_Chrestensdatter,Female,"Lønborg, Bøel, Nørrejylland",Witchcraft,Acquitted,55.9494,8.3486,town
1634,Mette_Madsdatter_Winter,Female,"Odby, Nørrejylland",Witchcraft,Guilty_execution_of_burning_at_the_stake,56.2639,9.5018,region
1634,Søren_Mortensen,Male,"Oddum, Puglund, Nørrejylland",Witchcraft_or_Secret_Arts_Defamation_case,Acquitted,56.2639,9.5018,region
1634,Anne_Jensdatter,Female,"Lønborg, Bøel, Nørrejylland",Witchcraft,Guilty_execution_of_burning_at_the_stake,55.9494,8.3486,town
1634,Anne_Knudsdatter,Female,"Øster-Velling, Nørrejylland",Witchcraft,Acquitted,56.2639,9.5018,region
1634,Kerstin_Thamesdatter,Female,"Storvorde, Nørrejylland",Witchcraft,Acquitted,56.9833,10.0333,town
1634,Las_Mortensen,Male,"Øster-Hassing, Nørrejylland",Witchcraft_or_Secret_Arts_Defamation_case,Guilty_execution_of_burning_at_the_stake,56.2639,9.5018,region
1634,Mergarette_Jørgens,Female,"Lønborg, Kyvling, Nørrejylland",Witchcraft_Denunciation_case,Acquitted,55.9494,8.3486,town
1634,Mae_Niskone,Female,"Lønborg, Bøel, Nørrejylland",Witchcraft_Denunciation_case,Acquitted,55.9494,8.3486,town
1634,Else_Jenskone,Female,"Stavning, Stauning, Nørrejylland",Witchcraft_Denunciation_case,Acquitted,56.2639,9.5018,region
1634,Else_Jenskone,Female,"Stavning, Nørrejylland",Witchcraft_Denunciation_case,Acquitted,56.2639,9.5018,region
1634,Kirsten_Thamisis,Female,"Lønborg, Nørrejylland",Witchcraft_Denunciation_case,Acquitted,55.9494,8.3486,town
1634,Chresten_Lauridtzen,Male,"Tise, Thise, Nørrejylland",Witchcraft,Acquitted,56.2639,9.5018,region
1634,Kirsten_Rasmusdatter,Female,"Voer, Nørrejylland",Witchcraft,Acquitted,55.9833,10.0833,herred
1634,Jens_Lauritzen,Male,"Lønborg, Kongensgård, Nørrejylland",Witchcraft_Denunciation_case,Acquitted,55.9494,8.3486,town
1634,Jørgen_Lauridsen,Male,"Lønborg, Kyvling, Nørrejylland",Witchcraft_Denunciation_case,Acquitted,55.9494,8.3486,town
1634,Peder_Jespersen,Male,"Lønborg, Kyvling, Nørrejylland",Witchcraft_Denunciation_case,Acquitted,55.9494,8.3486,town
1634,Mette_Thuriis,Female,"Lønborg, Kyvling, Nørrejylland",Witchcraft_Denunciation_case,Acquitted,55.9494,8.3486,town
1634,Mae_Nielskone,Female,"Lønborg, Bøel, Nørrejylland",Witchcraft_Denunciation_case,Acquitted,55.9494,8.3486,town
1634,Jens_Pedersen,Male,"Lønborg, Bøel, Nørrejylland",Witchcraft_Denunciation_case,Acquitted,55.9494,8.3486,town
1634,Peder_Mattisen,Male,"Lønborg, Vostrup, Nørrejylland",Witchcraft_Denunciation_case,Acquitted,55.9494,8.3486,town
1634,Maren_Peders,Female,"Lønborg, Vostrup, Nørrejylland",Witchcraft_Denunciation_case,Acquitted,55.9494,8.3486,town
1634,Else_Giødes,Female,"Lønborg, Bøel, Nørrejylland",Witchcraft_Denunciation_case,Acquitted,55.9494,8.3486,town
1634,Kirsten_Thamiskone,Female,"Lønborg, Nørrejylland",Witchcraft_Denunciation_case,Acquitted,55.9494,8.3486,town
1634,Maren_Nielskone,Female,"Lønborg, Bøel, Nørrejylland",Witchcraft_Denunciation_case,Acquitted,55.9494,8.3486,town
1634,Sidzell_Jenskone,Female,"Lønborg, Bøel, Nørrejylland",Witchcraft_Denunciation_case,Acquitted,55.9494,8.3486,town
1634,Jørgen_Nielsen,Male,"Lønborg, Kyvling, Nørrejylland",Witchcraft_Denunciation_case,Acquitted,55.9494,8.3486,town
1634,Margrette_Jørgens,Female,"Lønborg, Kyvling, Nørrejylland",Witchcraft_Denunciation_case,Acquitted,55.9494,8.3486,town
1634,Buold_Nielskone,Female,"Egvad, Tarm, Nørrejylland",Witchcraft_Denunciation_case,Acquitted,55.8778,8.5389,town
1634,Kirsten_Olufs,Female,"Egvad, Krages, Nørrejylland",Witchcraft_Denunciation_case,Acquitted,55.8778,8.5389,town
1634,Apelone_Olufsdatter,Female,Nørrejylland,Witchcraft_Denunciation_case,Acquitted,56.4531684,9.4075049,original
1634,Else_Olufsdatter,Female,"Egvad, Krages, Nørrejylland",Witchcraft_Denunciation_case,Acquitted,55.8778,8.5389,town
1634,Peder_Sørensen,Male,"Fur, Nørrejylland",Witchcraft,A_church_jury_kirkenaevn_still_had_to_be_sworn_in_at_the_local_court_so_Viborg_regional_court_landsting_sent_the_case_back,56.8167,9.0333,town
1634,Karen_Chrestensdatter,Female,"Flade, Nørrejylland",Witchcraft_Denunciation_case,Acquitted,57.4333,10.3833,town
1634,Søren_Olufsen_Følge_suend,Male,"Stouby, Nørrejylland",Witchcraft,Guilty_execution_of_burning_at_the_stake,56.2639,9.5018,region
1634,Kirsten_Poulsdatter_Finn,Female,"Hals, Nørrejylland",Witchcraft,Guilty_Banishment,57.0833,10.3167,town
1634,Catrine_Jacobsdatter_Hanskone,Female,"Varde, Nørrejylland",Witchcraft,Acquitted,55.6212,8.4813,town
1634,Maren_Simdersdatter,Female,"Tjæreborg, Nørrejylland",Witchcraft,Acquitted,56.2639,9.5018,region
1634,Mette_Pedersdatter,Female,"Fur, Nørrejylland",Witchcraft,A_church_jury_kirkenaevn_still_had_to_be_sworn_in_at_the_local_court_so_Viborg_regional_court_landsting_sent_the_case_back,56.8167,9.0333,town
1634,Anne_Sørens,Female,"Vester Horne Herred, Lydum, Nørrejylland",Witchcraft,Unknown,55.61,8.26,herred
1634,Margrete_Christensdatter,Female,"Vestervig len, Nørrejylland",Unknown,Unknown,56.7719,8.3183,town
1634,Rasmus_Jensen_Norbagge,Male,"Vordingborg, Sjælland",Pact_with_the_Devil,Guilty_Flogging_at_the_whipping_post_and_banishment,55.0102518,11.9097478,original
1634,Karen_Ibsdatter,Female,"Vordingborg, Sjælland",Pact_with_the_Devil,Unknown,55.0102518,11.9097478,original
1634,Unknown,Male,"Vordingborg, Sjælland",Accomplice_in_the_use_of_a_Pact_with_the_Devil,To_be_punished_by_the_bailiff,55.0102518,11.9097478,original
1634,Johanne_Trudsdatter,Female,"Vordingborg, Sjælland",Pact_with_the_Devil,Unknown,55.0102518,11.9097478,original
1634,Inge_Smeds,Female,"Rødby, Falster",Witchcraft,Unknown,54.7667,11.9167,region
1634,Anne_Jenses,Female,"Løgumkloster, Løgumkloster birk, Nørrejylland",Witchcraft,Unknown,56.2639,9.5018,region
1634,Jens_Justsen_Kræmmer,Male,"Fleskum herred, Nørrejylland",Witchcraft_and_Secret_Arts,Unknown,57.0,9.95,herred
1634,Anders_Jacobsen,Male,"Fleskum herred, Nørrejylland",Witchcraft,Unknown,57.0,9.95,herred
1634,Berette_Christensdatter,Female,"Nibe birk, Nørrejylland",Witchcraft_or_Secret_Arts,Unknown,56.9789,9.6389,town
1634,Anne_Palles/Pallesdatter,Female,"Aalborg, Nørrejylland",Witchcraft,Unknown,57.0488,9.9217,town
1634,Kone_til_Christen_Christensen_Røde_Hus,Female,"Aalborg, Nørrejylland",Witchcraft,Unknown,57.0488,9.9217,town
1635,Maren_Jensdatter_Dronningen,Female,"Koed, Koed, Nørrejylland",Witchcraft,Guilty_execution_of_burning_at_the_stake,56.2639,9.5018,region
1635,Niels_Nielsen,Male,"Funder, Hids, Nørrejylland",Witchcraft,Acquitted,56.2639,9.5018,region
1635,Anne_Chrestensdatter,Female,"Tvis, Tvislund, Nørrejylland",Witchcraft,Guilty_Banishment,56.2639,9.5018,region
1635,Christen_Pedersen,Male,"Odense, Fyn",Pact_with_the_Devil,Unknown,55.371595,10.4484615,original
1635,Hertvig_Loumand,Male,"Odense, Fyn",Secret_Arts_Denunciation_case_or_Witchcraft_case,The_king_ordered_that_the_home_be_secretly_searched_for_among_other_things_a_magic_book_with_characters_and_mirrors_outcome_unknown,55.371595,10.4484615,original
1635,Hermand_Rønbeck,Male,"Odense, Fyn",Secret_Arts_Denunciation_case_or_Witchcraft_case,Unknown,55.371595,10.4484615,original
1635,Christen_Laursen,Male,"Jerslev herred, Tise, Nørrejylland",Witchcraft,Unknown,57.2,10.0333,town
1635,Helle_Christensdatter,Female,"Kær herred, Røjborg, Nørrejylland",Witchcraft_Assault_case,Unknown,57.0833,9.95,herred
1635,Hans_Mortensen,Male,"Nibe birk, Nørrejylland",Witchcraft_or_Secret_Arts,Unknown,56.9789,9.6389,town
1635,Anne_Nielsdatter,Female,"Nibe birk, Nørrejylland",Witchcraft_or_Secret_Arts,Unknown,56.9789,9.6389,town
1636,Maren_Nielskone_i_Hus,Female,"Sønder-Bork, Sdr. Bork, Nørrejylland",Witchcraft,Acquitted,55.85,8.3167,town
1636,Maren_Nielskone_i_Hus,Female,"Sønder-Bork, Sdr. Bork, Nørrejylland",Witchcraft,Guilty_execution_of_burning_at_the_stake,55.85,8.3167,town
1636,Karen_lbsdatter,Female,"Randers, Nørrejylland",Witchcraft,A_church_jury_kirkenaevn_still_had_to_be_sworn_in_at_the_local_court_so_Viborg_regional_court_landsting_sent_the_case_back,56.4607,10.0364,town
1636,Tamis_Nielsen,Male,"Odby, Uglev, Nørrejylland",Witchcraft,Guilty_execution_of_burning_at_the_stake,56.2639,9.5018,region
1636,Kirsten_Chrestensdatter_Blochis,Female,Nørrejylland,Witchcraft,Acquitted,56.4531684,9.4075049,original
1636,Maren_Nielskone_Siorkone,Female,"Sønder-Bork, Obling, Nørrejylland",Witchcraft,Acquitted,55.85,8.3167,town
1636,Johane_Jensdatter_Soldemor,Female,"Tranum, Nørrejylland",Witchcraft,Acquitted,56.2639,9.5018,region
1636,Else_Jenskone,Female,"Nørre-Bork, Nr. Bork, Nørrejylland",Witchcraft_Denunciation_case,Acquitted,55.8667,8.3167,town
1636,Buold_Jepis,Female,"Sønder-Bork, Sdr. Bork, Nørrejylland",Witchcraft_Denunciation_case,Acquitted,55.85,8.3167,town
1636,Anne_Sørens,Female,"Lydum, Nørrejylland",Witchcraft_Denunciation_case,Acquitted,56.2639,9.5018,region
1636,Mattis_Olufsen,Male,"Overgård, Nørrejylland",Witchcraft_Denunciation_case,Acquitted,56.2639,9.5018,region
1636,Maren_Thamisdatter,Female,"Heltborg, Korsgård, Nørrejylland",Witchcraft,Unknown,56.2639,9.5018,region
1636,Maren_Jensdatter,Female,"Storvorde, Nørrejylland",Witchcraft,Guilty_execution_of_burning_at_the_stake,56.9833,10.0333,town
1636,Johanne_Jensdatter,Female,"Vester Han Herred, Nørrejylland",Witchcraft,Guilty_execution_of_burning_at_the_stake,57.1,9.15,herred
1636,Anne_Pedersdatter_Kasteføll,Female,"Skåne, Ystad, Skånelandene",Witchcraft,Guilty_execution_of_burning_at_the_stake,55.4297,13.8204,town
1636,Margrete_Esbiørn_Bondes,Female,"Bornholm, Skånelandene",Witchcraft,Unknown,55.9833,13.5833,region
1636,Anne_Ingvards,Female,"Stevns, Magleby, Sjælland",Witchcraft,Unknown,55.36613,12.33815,original
1636,Ingeborg_Peder_Møllers,Female,"Pedersker, Bornholm, Skånelandene",Secret_Arts,Unknown,55.9833,13.5833,region
1636,Johanne_Nielsdatter,Female,"København, Sjælland",Witchcraft,Unknown,55.664265,12.5736138,original
1636,Hans_Pofvelsen,Male,"Ribe, Nørrejylland",Secret_Arts,Unknown,55.3297,8.7671,town
1636,Peder_Rasmussens_kvinde,Female,"Bornholm, Skånelandene",Witchcraft_or_Secret_Arts,Unknown,55.9833,13.5833,region
1636,Peder_Simonsens_wife,Female,"Hvetbo herred, Vrenstred, Nørrejylland",Witchcraft_Defamation_case,No_charge_The_accuser_Chresten_Nielsen_of_Vrensted_was_himself_charged_with_Defamation_and_the_bailiff_Gunde_Lange_sentenced_him_to_a_full_husfred_penalty_breach_of_the_peace_of_the_home+F1386,57.2,9.7,herred
1636,Trund_Sørensdatter,Female,"Aarhusgaard len, Aarhus, Nørrejylland",Witchcraft_Defamation_case,"No_charge_No_case_was_brought_against_her._Her_accuser,_Kirsten_Christensdatter,_was_brought_to_court_for_Defamation._Outcome_unknown.",56.1629,10.2039,town
1636,Laugsbrødre_i_Bagerlauget,Male,"Malmø, Skånelandene",Witchcraft_or_Secret_Arts_Defamation_case,Unknown,55.605,13.0038,town
1636,Margrete_Bødkers,Female,"Malmø, Skånelandene",Witchcraft_or_Secret_Arts,Guilty_execution_of_burning_at_the_stake,55.605,13.0038,town
1636,Klara_Aage_Børresens,Female,"Malmø, Skånelandene",Witchcraft_or_Secret_Arts,Guilty_execution_of_burning_at_the_stake,55.605,13.0038,town
1636,"Gertrud,_Klares_datter",Female,"Malmø, Skånelandene",Witchcraft_or_Secret_Arts,Guilty_Banishment,55.605,13.0038,town
1636,Kirstine_Bondequnde,Female,"Malmø, Skånelandene",Witchcraft_or_Secret_Arts,Guilty_execution_of_burning_at_the_stake_or_suicide,55.605,13.0038,town
1636,Kirstine_Christoffersdatter_paa_Risten,Female,"Malmø, Skånelandene",Witchcraft_or_Secret_Arts,Guilty_execution_of_burning_at_the_stake,55.605,13.0038,town
1636,Giörel_Jensdatter,Female,"Malmø, Skånelandene",Witchcraft_or_Secret_Arts,Guilty_execution_of_burning_at_the_stake,55.605,13.0038,town
1636,Inger_Winkels,Female,"Malmø, Skånelandene",Witchcraft_or_Secret_Arts,Guilty_execution_of_burning_at_the_stake,55.605,13.0038,town
1636,Pernille_Møllers,Female,"Malmø, Skånelandene",Witchcraft_or_Secret_Arts,Guilty_execution_of_burning_at_the_stake_or_suicide,55.605,13.0038,town
1636,Kirstine_Portners,Female,"Malmø, Skånelandene",Witchcraft_or_Secret_Arts,Guilty_Banishment,55.605,13.0038,town
1636,Kirstine_Raaes_fra_Vintrie,Female,"Vintrie, Malmø, Skånelandene",Witchcraft_or_Secret_Arts,Guilty_Banishment,55.605,13.0038,town
1636,Marine_Jordmoders,Female,"Malmø, Skånelandene",Witchcraft_or_Secret_Arts,Guilty_Banishment,55.605,13.0038,town
1637,Chresten_Chrestensen_Find,Male,"Hvidbjerg, Egebjerg, Nørrejylland",Witchcraft,Acquitted,56.2639,9.5018,region
1637,Anne_Madsdatter,Female,"Hvidbjerg, Semb, Nørrejylland",Witchcraft_Denunciation_case,Acquitted,56.2639,9.5018,region
1637,Kirsten_Thamesdatter,Female,"Storvorde, Storvorde, Nørrejylland",Witchcraft,Acquitted,56.9833,10.0333,town
1637,Else_Jensdatter_Deyen,Female,"Storvorde, Fabjerg, Nørrejylland",Witchcraft,Guilty_execution_of_burning_at_the_stake,56.9833,10.0333,town
1637,Inger_Michelsdatter,Female,"Lydum, Nørrejylland",Witchcraft_Denunciation_case,Acquitted,56.2639,9.5018,region
1637,Ane_Jørgensdatter,Female,"Lunde, Hølled, Nørrejylland",Witchcraft_Denunciation_case,Acquitted,56.2639,9.5018,region
1637,Maren_Hans_Jensens,Female,"Bork, Nørrejylland",Witchcraft_Denunciation_case,Acquitted,55.8667,8.3167,town
1637,Kirsten_Knudsdatter,Female,"Odby, Nørrejylland",Witchcraft_Denunciation_case,Acquitted,56.2639,9.5018,region
1637,Johane_Andersdatter,Female,"Odby, Søndbjerg, Nørrejylland",Witchcraft_Denunciation_case,Acquitted,56.2639,9.5018,region
1637,Dorte_Madsdatter,Female,"Odby, Serup, Nørrejylland",Witchcraft_Denunciation_case,Acquitted,56.2639,9.5018,region
1637,Maye_Chrestens_Skrædderkone,Female,"Egtved, Vork, Nørrejylland",Witchcraft,Acquitted,56.2639,9.5018,region
1637,Maren_Nielsdatter,Female,"Øster-Brønderslev, V. Brønderslev, Nørrejylland",Witchcraft_or_Secret_Arts_Defamation_case,Acquitted,56.2639,9.5018,region
1637,Anne_Christensdatter,Female,"Astrup, Kragkjær, Nørrejylland",Witchcraft_Denunciation_case,Acquitted,56.9333,9.6,town
1637,Maren_Chrestinsdatter_Ranck,Female,"Sønderside, Nørrejylland",Witchcraft,Guilty_execution_of_burning_at_the_stake,56.2639,9.5018,region
1637,Anders_Hellesen,Male,"Helsingborg, Vesterby i Vellinge sogn, Skånelandene",Witchcraft_or_Secret_Arts,The_bailiff_was_to_arrest_him_and_send_him_to_the_king_in_Copenhagen,56.0465,12.6945,town
1638,Zidsell_Jensdatter_Hiørkone,Female,"Sjelle, Nørrejylland",Witchcraft,Acquitted,56.2639,9.5018,region
1638,Unknown,Female,"Malmø, Skånelandene",Witchcraft,Guilty_execution_of_burning_at_the_stake,55.605,13.0038,town
1638,Unknown,Female,"Malmø, Skånelandene",Witchcraft,Guilty_execution_of_burning_at_the_stake,55.605,13.0038,town
1638,Unknown,Female,"Malmø, Skånelandene",Witchcraft,Guilty_execution_of_burning_at_the_stake,55.605,13.0038,town
1638,Unknown,Female,"Malmø, Skånelandene",Witchcraft,Guilty_execution_of_burning_at_the_stake,55.605,13.0038,town
1638,Unknown,Female,"Malmø, Skånelandene",Witchcraft,Guilty_execution_of_burning_at_the_stake,55.605,13.0038,town
1638,Unknown,Female,"Malmø, Skånelandene",Witchcraft,Guilty_execution_of_burning_at_the_stake,55.605,13.0038,town
1638,Unknown,Female,"Malmø, Skånelandene",Witchcraft,Guilty_execution_of_burning_at_the_stake,55.605,13.0038,town
1638,Unknown,Female,"Malmø, Skånelandene",Witchcraft,Guilty_execution_of_burning_at_the_stake,55.605,13.0038,town
1638,Unknown,Female,"Malmø, Skånelandene",Witchcraft,Guilty_execution_of_burning_at_the_stake,55.605,13.0038,town
1638,Unknown,Female,"Malmø, Skånelandene",Witchcraft,Guilty_execution_of_burning_at_the_stake,55.605,13.0038,town
1638,Unknown,Female,"Malmø, Skånelandene",Witchcraft,Guilty_execution_of_burning_at_the_stake,55.605,13.0038,town
1639,Beritte_Mouridtzdatter,Female,"Nørre_Borris, Fusager, Nørrejylland",Witchcraft,Guilty_execution_of_burning_at_the_stake,56.2639,9.5018,region
1639,Søren_Christensen_Frebjerg,Male,"Nørre_Borris, Fusager, Nørrejylland",Witchcraft,Guilty_execution_of_burning_at_the_stake,56.2639,9.5018,region
1639,Mette_Mouridtzdatter,Female,"Finderup, Nørrejylland",Witchcraft,Guilty_execution_of_burning_at_the_stake,56.2639,9.5018,region
1639,Anne_Mouridtzdatter,Female,"Ravnstrup, Nørrejylland",Witchcraft,A_church_jury_kirkenaevn_still_had_to_be_sworn_in_at_the_local_court_so_Viborg_regional_court_landsting_sent_the_case_back,56.2639,9.5018,region
1639,Anders_Chrestensen,Male,"Nørre_Borris, Fusager, Nørrejylland",Witchcraft,Acquitted,56.2639,9.5018,region
1639,Johane_Pedersdatter_Stygge,Female,"Øster-Hassing, Gåser, Nørrejylland",Witchcraft,Acquitted,56.2639,9.5018,region
1639,Kirsten_Willomsdatter,Female,"Tårup, Knud, Nørrejylland",Witchcraft_Denunciation_case,Acquitted,56.2639,9.5018,region
1639,Ingeborg_Matzdaater,Female,"Halland, Hakared, Skånelandene",Secret_Arts,Unknown,55.9833,13.5833,region
1639,Buold_Jensdatter,Female,"Nibe birk, Nørrejylland",Witchcraft,Unknown,56.9789,9.6389,town
1640,Jørgen_Lauridsen,Male,"Lønborg, Kyvling, Nørrejylland",Witchcraft_or_Secret_Arts_Defamation_case,Acquitted,55.9494,8.3486,town
1640,Jens_Michelsen,Male,"Solbjerg, Nørrejylland",Witchcraft,Guilty_Banishment,56.2639,9.5018,region
1640,Chresten_Willadsen,Male,"Viborg, Nørrejylland",Witchcraft_Denunciation_case,Acquitted,56.4531684,9.4075049,original
1640,Gunder_Nielsdatter,Female,"Ørum, Nørrejylland",Witchcraft_Denunciation_case,Acquitted,56.2639,9.5018,region
1640,Woldbore_Nielsdatter,Female,"Feldingbjerg, Sdr. Feldingbjerg, Nørrejylland",Witchcraft_Denunciation_case,Acquitted,56.2639,9.5018,region
1640,Maren_Sørensdatter,Female,"Skive, Nørrejylland",Witchcraft_Denunciation_case,Acquitted,56.5667,9.0333,town
1640,Kirsten_Pedersdatter_Berød,Female,"Skive, Nørrejylland",Witchcraft_Denunciation_case,Acquitted,56.5667,9.0333,town
1640,Chresten_Nielsen_Søndergård,Male,"Ørum, Sdr. Ørum, Nørrejylland",Witchcraft_Denunciation_case,Acquitted,56.2639,9.5018,region
1640,Peder_Nielsen,Male,"Gammelstrup, Nørrejylland",Witchcraft_Denunciation_case,Acquitted,56.2639,9.5018,region
1640,Mette_Nielsdatter,Female,"Øster-Hassing, Gandrup, Nørrejylland",Witchcraft_Denunciation_case,Acquitted,57.0333,10.1,town
1640,Kirsten_Andersdatter,Female,"Løvel, Løve, Nørrejylland",Witchcraft,Acquitted,56.2639,9.5018,region
1640,Mette_Pedersdatter,Female,"Nørre-Borris, Fusager, Nørrejylland",Witchcraft,Acquitted,56.2639,9.5018,region
1640,Chresten_Lassen,Male,"Mønsted, Ll. Krogsgård, Nørrejylland",Witchcraft,Acquitted,56.2639,9.5018,region
1640,Chresten_Andersen,Male,"Nørre-Borris, Fusager, Nørrejylland",Witchcraft,Acquitted,56.2639,9.5018,region
1640,Karen_Andersdatter,Female,"Nørre-Borris, Fusager, Nørrejylland",Witchcraft,Acquitted,56.2639,9.5018,region
1640,Anne_lbsdatter,Female,"Hals, Gåser, Nørrejylland",Witchcraft_Denunciation_case,Acquitted,57.0833,10.3167,town
1640,Karen_Sørensdatter,Female,"Hals, Gåser, Nørrejylland",Witchcraft_Denunciation_case,Acquitted,57.0833,10.3167,town
1640,Anne_Nielsdatter,Female,"Hals, Gåser, Nørrejylland",Witchcraft_Denunciation_case,Acquitted,57.0833,10.3167,town
1640,Karen_Eschisdatter,Female,"Estvad, Nørrejylland",Witchcraft_or_Secret_Arts_Defamation_case,Acquitted,56.2639,9.5018,region
1640,Mette_Mikkelsdatter,Female,"Grove, Vistorp, Nørrejylland",Witchcraft_Denunciation_case,Acquitted,56.2639,9.5018,region
1640,Mette_Nielsdatter_Suadtz,Female,"Pederstrup, Gandrup, Nørrejylland",Witchcraft,Acquitted,57.0333,10.1,town
1640,Johane_Mortensdatter,Female,"Kristrup, Nørrejylland",Witchcraft,Guilty_Banishment,56.2639,9.5018,region
1640,Anne_Jensdatter,Female,"Albæk, Nørrejylland",Witchcraft,A_church_jury_kirkenaevn_still_had_to_be_sworn_in_at_the_local_court_so_Viborg_regional_court_landsting_sent_the_case_back,56.2639,9.5018,region
1640-1641,Maren_Pedersdatter,Female,"Odense, Fyn herred, Tommerup",Witchcraft,Guilty_execution_of_burning_at_the_stake,55.34535,10.17594,original
1640,Søren_Sørensen,Male,"Skast Herred, Astrup, Nørrejylland",Witchcraft,Unknown,56.9333,9.6,town
1640,Niels_Munk,Male,"Rosborg, Nørrejylland",Secret_Arts,Unknown,56.2639,9.5018,region
1640,Unknown,Female,"Børglum, Nørrejylland","Fornication,_Forgery_and_Secret_Arts_Witchcraft_case_and_various_offences",Guilty,57.3833,9.95,herred
1640,Anne_Sørensdatter,Female,"Jerslev herred, Bjærgby, Nørrejylland",Witchcraft_or_Secret_Arts,Unknown,57.2,10.0333,town
1641,Mette_Nielsdatter,Female,"Øster-Hassing, Gandrup, Nørrejylland",Witchcraft,Acquitted,57.0333,10.1,town
1641,Maren_Thomasdatter_Splids,Female,"Ribe, Nørrejylland",Witchcraft,Guilty_Burnt_at_the_stake,55.3297,8.7671,town
1641,Anne_Nielsdatter,Female,"Næsbjerg, Skonager, Nørrejylland",Witchcraft,Acquitted,56.2639,9.5018,region
1641,Anne_Jensdatter_Schrabe,Female,"Horsens, Nørrejylland",Witchcraft,Acquitted,55.8607,9.8503,town
1641,Else_Mortens,Female,"Egtved, Bøgvad, Nørrejylland",Witchcraft,A_church_jury_kirkenaevn_still_had_to_be_sworn_in_at_the_local_court_so_Viborg_regional_court_landsting_sent_the_case_back,56.2639,9.5018,region
1641,Krøbbel_Anne_Thomasdatter,Female,"Ribe, Nørrejylland",Witchcraft,Guilty_execution_of_burning_at_the_stake,55.3297,8.7671,town
1641,Sidsel_Anderses,Female,"Nakskov, Lolland",Witchcraft,Guilty_execution_of_burning_at_the_stake,54.8304979,11.1493517,original
1641,Sidsel_Anderses,Female,"Nakskov, Lolland",Witchcraft,Unknown,54.8304979,11.1493517,original
1641,Reimerske,Female,"Øsel, Skånelandene",Witchcraft_or_Secret_Arts,Unknown,55.9833,13.5833,region
1641,Las_Frandsen,Male,"Hellum herred, Nørrejylland",Witchcraft,Unknown,56.9167,10.15,herred
1641,Kirsten_Lauridsdatter_Smeds,Female,"Hellum herred, Nørrejylland",Witchcraft,Unknown,56.9167,10.15,herred
1641,Sidsel_Christensdatter,Female,"Fleskum herred, Nørrejylland",Witchcraft_Defamation_case,Unknown,57.0,9.95,herred
1642,Maren_Jensdatter,Female,"Harboør, Stausholm, Nørrejylland",Witchcraft,Acquitted,56.2639,9.5018,region
1642,Kirsten_Nielsdatter,Female,"Sunde, Vesterø, Nørrejylland",Witchcraft,Acquitted,56.2639,9.5018,region
1642,Kirsten_Andersdatter,Female,"Sevel, Trandum Skovby, Nørrejylland",Witchcraft_or_Secret_Arts_Defamation_case,Acquitted,56.2639,9.5018,region
1642,Maren_Matthesens,Female,"Ribe, Nørrejylland",Witchcraft,Acquitted,55.3297,8.7671,town
1642,Kirsten_Hansdatter,Female,"Oksby, Nørrejylland",Witchcraft,Acquitted,55.5975,8.1236,town
1642,Niels_Holdensen_Portner,Male,"Ribe, Nørrejylland",Witchcraft,Acquitted,55.3297,8.7671,town
1642,Maren_Jelle_Skrædders,Female,"Ribe, Nørrejylland",Witchcraft,Acquitted,55.3297,8.7671,town
1642,Anna_Jensdatter_Ebbis,Female,"Ribe, Nørrejylland",Witchcraft,Acquitted,55.3297,8.7671,town
1642,Bergitte_Pedersdatter,Female,"Vinkel, Nørrejylland",Witchcraft,Acquitted,56.2639,9.5018,region
1642,Karen_Lauridsdatter,Female,"Odense, Fyn herred",Witchcraft,Guilty_execution_of_burning_at_the_stake,55.4038,10.4024,town
1642,Rasmus_Madsen,Male,"Odense, Fyn herred, Sønder Næraa",Witchcraft,Guilty_execution_of_burning_at_the_stake,55.31057,10.47924,original
1642,Anne_Karls,Female,"Gudme herred, Sandager, Gislev Sogn, Fyn",Witchcraft,Guilty_execution_of_burning_at_the_stake,55.3333,10.4167,region
1642,Dorrette_Fredriksdaatter,Female,,Secret_Arts,Unknown,,,
1642,Unknown,Female,"Roskilde, Sjælland",Secret_Arts,Unknown,55.6433478,12.0819247,original
1642,Maren_Spillings,Female,"Gotland, Skånelandene",Secret_Arts,Unknown,55.9833,13.5833,region
1642,Karen_Knudsdatter,Female,"Helsingør, Sjælland",Witchcraft,Guilty_execution_of_burning_at_the_stake,56.0347693,12.6133829,original
1643,Anne_Mechelsdatter,Female,"Gødvad, Gjødvad, Nørrejylland",Witchcraft,Acquitted,56.2639,9.5018,region
1643,Giertrud_Chrestensdatter,Female,"Hobro, Nørrejylland",Witchcraft,Acquitted,56.6389,9.7847,town
1643,Karen_Jensdatter_Hornumbs,Female,"Hobro, Nørrejylland",Witchcraft,Acquitted,56.6389,9.7847,town
1643,Mette_Anderses,Female,"Odense, Fyn herred, Fraugde",Witchcraft,Guilty_execution_of_burning_at_the_stake,55.4038,10.4024,town
1643,Kirsten,Female,"Nørlyng Herred, Vorde Birk, Nørrejylland",Witchcraft,Guilty_execution_of_burning_at_the_stake,56.42,9.32,herred
1643,Anne_Plaugs,Female,Fyn,Witchcraft_or_Secret_Arts_Denunciation,No_charge_Sent_for_pious_instruction_with_a_priest_at_Odense_hospital,55.33333,10.5,original
1643,Anne_Clemensdatter,Female,Fyn,Witchcraft_or_Secret_Arts_Denunciation,No_charge_Sent_for_pious_instruction_with_a_priest_at_Odense_hospital,55.33333,10.5,original
1643,Peder_Pedersen,Male,"Hvetbo herred, Hune, Nørrejylland",Assault_and_Threats,Unknown,57.25,9.7667,town
1643,Sidsel_Jensdatter,Female,"Hvetbo herred, Hune, Nørrejylland",Assault_and_Threats,Unknown,57.25,9.7667,town
1643,Anne_Pedersdatter,Female,"Hellum herred, Nørrejylland",Secret_Arts,Unknown,56.9167,10.15,herred
1643,Anders_Christensen,Male,"Hellum herred, Nørrejylland",Secret_Arts,Unknown,56.9167,10.15,herred
1643,Maren_Jensdatter,Female,"Hellum herred, Nørrejylland",Secret_Arts,Unknown,56.9167,10.15,herred
1645,Kirsten_Rabelus,Female,Skånelandene,Witchcraft,Unknown,55.9833,13.5833,region
1645-1688,Unknown,Female,"Tølløse, Undløse, Sjælland",Secret_Arts,Unknown,55.60451,11.58826,original
1645-1688,Unknown,Unknown,"Tølløse, Undløse, Sjælland",Secret_Arts,Guilty_Public_penance,55.60451,11.58826,original
1645-1688,Unknown,Unknown,"Tølløse, Undløse, Sjælland",Secret_Arts,Guilty_Public_penance,55.60451,11.58826,original
1646,Maren_Hansdatter,Female,"Hjorthede, Nørrejylland",Witchcraft,Acquitted,56.2639,9.5018,region
1646,Maren_Madsdatter,Female,"Bindslev, Åbo, Nørrejylland",Witchcraft_or_Secret_Arts_Defamation_case,Acquitted,56.2639,9.5018,region
1646,Karen_Chrestensdatter_Aall,Female,"Hygum, Nørrejylland",Witchcraft,Acquitted,56.2639,9.5018,region
1646,En_række_trolddomssager,multiple_people,Fyn,Witchcraft,The_cases_were_to_be_reopened_outcome_unknown,55.33333,10.5,original
1646,Maren_Gaases,Female,"Aasum herred, Fyn",Witchcraft,Unknown,55.3333,10.4167,region
1646,Dorte_Christensdatter,Female,"Hvetbo herred, Fårehave, Nørrejylland",Theft_and_Witchcraft_Defamation_case,No_charge_The_accusers_were_brought_to_court_for_Defamation_outcome_not_known,57.2,9.7,herred
1647,Maren_Galt,Female,"Byrum, Nørrejylland",Witchcraft,Guilty_Banishment,56.2639,9.5018,region
1647,Johane_Hanskuone_Krøbell_quinde,Female,"Kolding, Nørrejylland",Witchcraft,Guilty_execution_of_burning_at_the_stake,55.4904,9.4721,town
1647,Kirsten_Bruss,Female,"Hals, Bangsbo, Nørrejylland",Witchcraft,Guilty_execution_of_burning_at_the_stake,57.0833,10.3167,town
1647,Kirsten_Jensdatter,Female,"Hillerslev, Kelstrup, Nørrejylland",Witchcraft,Acquitted,56.2639,9.5018,region
1647,Anne_Spillemands,Female,"Stubbekøbing, Falster",Witchcraft,Guilty_execution_of_burning_at_the_stake,54.8833,12.0333,town
1647,Mette_Nielskone,Female,"Vester Horne Herred, Fredtoft-Ål, Nørrejylland",Witchcraft,Unknown,55.61,8.26,herred
1647,Ellen_Stump,Female,"Skåne, Malmø, Skånelandene",Witchcraft,She_was_to_be_sent_to_Copenhagen_the_king_outcome_unknown,55.605,13.0038,town
1647,Karen_Reinholts,Female,"Skåne, Malmø, Skånelandene",Witchcraft,The_two_women_were_to_be_sent_home_to_the_Scanian_lands_where_the_bailiff_was_to_bring_the_case_against_them_at_their_home_assembly_ting,55.605,13.0038,town
1647,Anne_Knudsdatter,Female,"Skåne, Malmø, Skånelandene",Witchcraft,The_two_women_were_to_be_sent_home_to_the_Scanian_lands_where_the_bailiff_was_to_bring_the_case_against_them_at_their_home_assembly_ting,55.605,13.0038,town
1647,Haagen_Olufsen,Male,"Skåne, Strømholt,  Skånelandene",Witchcraft,The_king_had_sent_the_bailiff_the_Consistory's_opinion_and_he_was_now_to_bring_the_case_against_Haagen_according_to_these_instructions_Outcome_unknown,55.9833,13.5833,region
1647,Catrine_Johan_Murmesters,Female,"Skåne, Malmø, Skånelandene",Secret_Arts,Unknown,55.605,13.0038,town
1647,Karen_Jens_Remers,Female,"Malmø, Skånelandene",Witchcraft_or_Secret_Arts,Guilty_execution_of_burning_at_the_stake,55.605,13.0038,town
1648,Karen_Andersdatter,Female,"Øster-Hassing, Gåser, Nørrejylland",Witchcraft,Acquitted,56.2639,9.5018,region
1648,Maren_Pedersdatter_Buget,Female,"Kolding, Nørrejylland",Witchcraft,A_church_jury_kirkenaevn_still_had_to_be_sworn_in_at_the_local_court_so_Viborg_regional_court_landsting_sent_the_case_back,55.4904,9.4721,town
1648,Elle_Pouelsdatter,Female,"Sejerslev, Nørrejylland",Witchcraft,Guilty_Banishment,56.7833,8.75,town
1648,Mette_Chrestensdatter,Female,"Serritslev, Nørrejylland",Witchcraft,Acquitted,56.2639,9.5018,region
1648,Anne_Madsdatter,Female,"Harring, Nørrejylland",Witchcraft,Acquitted,56.2639,9.5018,region
1648,Kirsten_Andersdatter,Female,"Skærbæk, Nørrejylland",Witchcraft,Acquitted,56.2639,9.5018,region
1648,Laurits_Hanssøn,Male,"Bornholm, Skånelandene",Witchcraft_or_Secret_Arts_Fornication_case,Acquitted_Frederik_III_acquitted_him_of_old_accusations_including_possession_of_a_Witchcraft_book,55.9833,13.5833,region
1648,Christen_Ibsen,Male,"Nibe birk, Nørrejylland",Witchcraft_or_Secret_Arts,Unknown,56.9789,9.6389,town
1648,Volbert_Pedersen,Male,"Nibe birk, Nørrejylland",Witchcraft_or_Secret_Arts,Unknown,56.9789,9.6389,town
1648,Poul_Bader,Male,"Aalborg, Nørrejylland",Witchcraft,Unknown,57.0488,9.9217,town
1648,Unknown,Female,"Aalborg, Nørrejylland",Witchcraft,Unknown,57.0488,9.9217,town
1649,Anne_Knuds,Female,"Gesten, Nørrejylland",Witchcraft,Acquitted,55.4906,9.2181,town
1649,Anne_Jensdatter,Female,"Oddum, Lundsby, Nørrejylland",Witchcraft,Unknown,56.2639,9.5018,region
1649,Unknown,Unknown,"Båg herred, Fyn",Witchcraft,Guilty_execution_of_burning_at_the_stake,55.3333,10.4167,region
1649,Peder_Olsen,Male,"Hasle, Bornholm, Skånelandene",Witchcraft_or_Secret_Arts,Unknown,55.1833,14.7167,town
1649,Margrete_Anders_Rasmussens,Female,"Ibsker sogn, Bornholm, Skånelandene",Witchcraft_or_Secret_Arts,Unknown,55.9833,13.5833,region
1649,Birgitte_Anders_Krags_Høegs,Female,"Assens, Hækkebølle, Fyn",Witchcraft,Unknown,55.2703,9.8961,town
1649,Anna_Hansdatter,Female,"Ringe, Havndrup, Fyn",Witchcraft,Unknown,55.2333,10.4833,town
1649,Karin_Nielsdatter_Gryderkvinde,Female,"Fleskum herred, Nørrejylland",Witchcraft,Unknown,57.0,9.95,herred
1649,Jens_Skolemester,Male,"Nibe birk, Nørrejylland",Secret_Arts,Unknown,56.9789,9.6389,town
1650,Unknown,Unknown,"Båg herred, Fyn",Witchcraft,Guilty_execution_of_burning_at_the_stake,55.3333,10.4167,region
1650,Anne_Klosters,Female,"Vejle, Viuf, Nørrejylland",Secret_Arts_Denunciation,Unknown,55.7091,9.5357,town
1651,Gunder_Chrestensdatter,Female,"Lønborg, Bøel, Nørrejylland",Witchcraft,Guilty_execution_of_burning_at_the_stake,55.9494,8.3486,town
1651,Karen_Seeby,Female,"Nykøbing, Nørrejylland landdistrikt",Witchcraft,Acquitted,56.7969,8.8608,town
1651,Mette_Lauridsdatter_Krogfoed,Female,"Nykøbing, Nørrejylland landdistrikt",Witchcraft,Guilty_execution_of_burning_at_the_stake,56.7969,8.8608,town
1651,Anders_Christensen_Schreder,Male,"Lønborg, Bøel, Nørrejylland",Witchcraft,Guilty_execution_of_burning_at_the_stake,55.9494,8.3486,town
1651,Unknown,Unknown,"Båg herred, Fyn",Witchcraft,Guilty_execution_of_burning_at_the_stake,55.3333,10.4167,region
1652,Maren_Jensdatter,Female,"Farstrup, Lundgård, Nørrejylland",Witchcraft,Acquitted,56.2639,9.5018,region
1652,Anna_Thomaskone_Bruds,Female,"Ribe, Nørrejylland",Witchcraft,Guilty_execution_of_burning_at_the_stake,55.3297,8.7671,town
1652,Anne_Bois,Female,"Rømø, Nørrejylland",Witchcraft,Guilty_execution_of_burning_at_the_stake,55.15,8.55,town
1652,Margret_Lauridtzdatter_Jørgens,Female,"Lønborg, Kyvling, Nørrejylland",Witchcraft,Acquitted,55.9494,8.3486,town
1652,Grolle_Anne,Female,"Dråby, Boeslum, Nørrejylland",Witchcraft,Guilty_Banishment,56.2639,9.5018,region
1652,Maren_Thøurings,Female,"Rømø, Nørrejylland",Witchcraft,Acquitted,55.15,8.55,town
1652,Anne_Boel,Female,"Rønne, Bornholm, Skånelandene",Witchcraft,Guilty_execution_of_burning_at_the_stake,55.1004,14.7069,town
1652,Karen_Christoffers,Female,"Rønne, Bornholm, Skånelandene",Witchcraft,Guilty_execution_of_burning_at_the_stake,55.1004,14.7069,town
1652,Thale_Baadsmands,Female,"Rønne, Bornholm, Skånelandene",Witchcraft,Guilty_execution_of_burning_at_the_stake,55.1004,14.7069,town
1652,Lars_Dyred,Male,"Odense, Fyn herred, Ubberud",Witchcraft,Guilty_execution_of_burning_at_the_stake,55.4038,10.4024,town
1652,Karen_Lettis,Female,"Odense, Fyn herred",Witchcraft,Guilty_execution_of_burning_at_the_stake,55.4038,10.4024,town
1652,And._Andersen,Male,"Skam herred, Fyn",Witchcraft,Guilty_execution_of_burning_at_the_stake,55.3333,10.4167,region
1652,Lars_Dyred,Male,"Dalum, Fyn",Witchcraft,Guilty_execution_of_burning_at_the_stake,55.3666075,10.3530298,original
1652,Karen_Lett,Female,"Dalum, Fyn",Witchcraft,Unknown,55.3666075,10.3530298,original
1652,Peder_Lauridsen,Male,Sjælland,Secret_Arts,Acquitted_Previously_banished_due_to_a_conviction_for_Secret_Arts_pardoned_by_Frederik_III,55.5455979,11.6973741,original
1652,Bodild_Pedersen,Female,"Skam herred, Grindløse, Fyn",Witchcraft,Unknown,55.3333,10.4167,region
1652,Sindet_Pedersdatter,Female,"Hellum herred, Nørrejylland",Witchcraft,Settlement_Settlement_-_the_accuser_withdrew_the_accusations,56.9167,10.15,herred
1653,Anne_Madsdatter,Female,"Ålborg, Nørrejylland",Witchcraft_or_Secret_Arts_Defamation_case,Acquitted,57.0488,9.9217,town
1653,Karen_Christensdatter,Female,"Læsø, Nørrejylland",Witchcraft_Denunciation_case,Acquitted,57.2667,11.0,town
1653,Maren_Pedersdatter,Female,"Hvidbjerg, V. Hvidbjerg, Nørrejylland",Witchcraft,Guilty_execution_of_burning_at_the_stake,56.2639,9.5018,region
1653,Anne_Mouridses,Female,"Rønne, Bornholm, Skånelandene",Witchcraft_or_Secret_Arts,Unknown,55.1004,14.7069,town
1653,Trinnike,Female,"Rønne, Bornholm, Skånelandene",Witchcraft_or_Secret_Arts,Unknown,55.1004,14.7069,town
1653,Niels_Jensen,Male,"Hellum herred, Nørrejylland",Secret_Arts,Unknown,56.9167,10.15,herred
1653,Katrine_Peder_Rasmussen_Bryggers,Female,"Malmø, Skånelandene",Witchcraft_or_Secret_Arts_Defamation_case,Unknown,55.605,13.0038,town
1653,Dorete_Bringelsdotter,Female,"Malmø, Skånelandene",Witchcraft_or_Secret_Arts,Guilty_Banishment,55.605,13.0038,town
1654,Maren_Pedersdatter,Female,"Hvidbjerg, V. Hvidbjerg, Nørrejylland",Witchcraft_Denunciation_case,Acquitted,56.2639,9.5018,region
1654,Buold_Sørensdatter,Female,"Rested, Nørrejylland",Witchcraft,Acquitted,56.2639,9.5018,region
1654,Kirsten_Jensdatter,Female,"Rakkeby, Nørrejylland",Witchcraft,A_church_jury_kirkenaevn_still_had_to_be_sworn_in_at_the_local_court_so_Viborg_regional_court_landsting_sent_the_case_back,56.2639,9.5018,region
1654,Jep_Tøgersen,Male,"Rakkeby, Nørrejylland",Witchcraft,A_church_jury_kirkenaevn_still_had_to_be_sworn_in_at_the_local_court_so_Viborg_regional_court_landsting_sent_the_case_back,56.2639,9.5018,region
1654,Karen_Chrestensdatter,Female,"Rakkeby, Nørrejylland",Witchcraft,Acquitted,56.2639,9.5018,region
1654,Jep_Chrestensen,Male,"Rakkeby, Nørrejylland",Witchcraft,Acquitted,56.2639,9.5018,region
1654,Ane_Pedersdatter,Female,"Hvidbjerg, Ø. Hvidbjerg, Nørrejylland",Witchcraft,Acquitted,56.2639,9.5018,region
1654,Maren_Michelsdatter,Female,"Hvidbjerg, V. Hvidbjerg, Nørrejylland",Witchcraft_Denunciation_case,Acquitted,56.2639,9.5018,region
1654,Peder_Jørgensen,Male,"Vilsted, Vilslev, Nørrejylland",Witchcraft_or_Secret_Arts_Defamation_case,Acquitted,56.2639,9.5018,region
1654,Anne_Andersdatter,Female,"Hvidbjerg, V. Hvidbjerg, Nørrejylland",Witchcraft,Acquitted,56.2639,9.5018,region
1654,Maren_Jensdatter_Storpe,Female,"Skåne, Sønder Åsbo herred, Skånelandene",Witchcraft,Guilty_execution_of_burning_at_the_stake,56.15,13.15,herred
1654,Inge_Pedersdatter_Amme,Female,"Skaane, Skånelandene",Witchcraft,Unknown,55.9833,13.5833,region
1654,Jørgen_Jørgensen_Møller,Male,"Skaane, Vegeholm, Skånelandene",Witchcraft,Guilty_Banishment,55.9833,13.5833,region
1654,Kerstin_Knudsdatter,Female,"Skaane, Vegeholm, Skånelandene",Accomplice_and_Witchcraft,Unknown,55.9833,13.5833,region
1654,Maren_Storpe,Female,"Skaane, Vegeholm, Skånelandene",Witchcraft,Unknown,55.9833,13.5833,region
1654,Matias_Jensen,Male,"Jerslev herred, Øster Linderup, Nørrejylland",Witchcraft_Defamation_case,No_case_was_raised_and_he_appears_several_more_times_on_other_matters_in_the_court_records_in_the_following_years_The_man_who_called_him_both_a_sorcerer_and_the_owner_of_a_Cyprianus_a_grimoire_was_brought_to_court_for_Defamation_Outcome_unknown,57.2,10.0333,town
1654,Maren_Christensdatter,Female,"Fleskum herred, Nørrejylland",Witchcraft,Unknown,57.0,9.95,herred
1654,Unknown,Female,"Fleskum herred, Nørrejylland",Witchcraft,Unknown,57.0,9.95,herred
1655,Maren_Jensdatter,Female,"Nørre-Tranders, Nr. Tranders, Nørrejylland",Witchcraft_or_Secret_Arts_Defamation_case,Acquitted,56.2639,9.5018,region
1655,Ane_Laurskone,Female,"Nordby, Nørrejylland",Witchcraft_or_Secret_Arts_Defamation_case,Acquitted,55.4494,8.4064,town
1656,Anne_Jensquone,Female,"Tistrup, Agerkrog, Nørrejylland",Witchcraft_or_Secret_Arts_Defamation_case,Acquitted,55.6167,8.7833,town
1656,Kirsten_Jensdatter,Female,"Tistrup, Agerkrog, Nørrejylland",Witchcraft_or_Secret_Arts_Defamation_case,Acquitted,55.6167,8.7833,town
1656,Jacob_Davidsen,Male,"Them, Toftbjerg, Nørrejylland",Witchcraft,Guilty_Banishment,56.2639,9.5018,region
1656,Niels_Nielsen,Male,"Byrum, Nørrejylland",Witchcraft,Unknown,56.2639,9.5018,region
1656,L._Nielsens_wife,Female,"Fleskum herred, Nørrejylland",Witchcraft,Unknown,57.0,9.95,herred
1656,Maren_Nielsdatter,Female,"Fleskum herred, Nørrejylland",Witchcraft,Unknown,57.0,9.95,herred
1656,Unknown,Female,"Fleskum herred, Nørrejylland",Witchcraft,Unknown,57.0,9.95,herred
1657,Laust_Graffuersen,Male,"Engebjerg, Nørrejylland",Witchcraft_or_Secret_Arts_Defamation_case,Acquitted,56.2639,9.5018,region
1660,Trine_Madsdatter,Female,"Kolding, Nørrejylland",Murder_and_Witchcraft,Guilty_Execution_beheading_For_the_murder_of_several_unborn_children_including_by_means_of_arts_and_counsel_To_be_buried_at_the_execution_site,55.4904,9.4721,town
1661,Maren_Mikkelsdatter,Female,"Hellum herred, Nørrejylland",Witchcraft,Unknown,56.9167,10.15,herred
1662,Kirsten_Poulsdatter,Female,"Flade, Fladstrand, Nørrejylland",Witchcraft,Acquitted,57.4333,10.3833,town
1663,Kirsten_Chrestensdatter,Female,"Holmsland Nysogn, Bandsby, Nørrejylland",Witchcraft,Acquitted,56.2639,9.5018,region
1663,"Sidsel_Nielsdatter,_kaldet_Snøfle_Sidser",Female,"Malmø, Skånelandene",Witchcraft_or_Secret_Arts,Guilty_Banishment,55.605,13.0038,town
1663,"Boel_Nilsdatter,_Jens_Timmermands",Female,"Malmø, Skånelandene",Witchcraft_or_Secret_Arts,Acquitted,55.605,13.0038,town
1663,Maren_Fiskers,Female,"Malmø, Skånelandene",Witchcraft_or_Secret_Arts,Guilty_execution_of_burning_at_the_stake_or_suicide,55.605,13.0038,town
1663,Appelane_Poulsdatter,Female,"Malmø, Skånelandene",Witchcraft_or_Secret_Arts,Guilty_Banishment,55.605,13.0038,town
1664,Maren_Lasdatter_Sup,Female,"Vester Tørslev, Tørslev, Nørrejylland",Witchcraft,Acquitted,56.2639,9.5018,region
1664,"Lars_Hansen,_Las_Bøn_Hahn",Male,"Skovby herred, Fyn",Witchcraft,Guilty_execution_of_burning_at_the_stake,55.3333,10.4167,region
1665,Dorete_Christensdatter,Female,"Jerslev herred, Pilgård, Nørrejylland",Witchcraft_Defamation_case,No_charge_The_accusers_were_brought_to_court_for_Defamation_outcome_not_known,57.2,10.0333,town
1665,Johanne_Pedersdatter,Female,"Vrads herred, Nørre Snede, Nørrejylland",Witchcraft_Defamation_case,"No_charge_The_accuser,_Maren_Simonsdatter,_was_brought_to_court_for_Defamation_The_outcome_is_not_known,_but_MS_denies_the_accusations",56.05,9.55,herred
1665,Maren_Knudsdatter,Female,"Hellum herred, Nørrejylland",Witchcraft,Unknown,56.9167,10.15,herred
1665,Hr._Lauritz_Hansen,Male,"Fejø, Lolland",Secret_Arts,Acquitted_The_case_was_dismissed_as_mummery_and_idle_talk_without_any_precise_explanation_or_evidence,54.9447777,11.4010441,original
1665,Niels_Jørgensen,Male,"Fejø, Lolland",Secret_Arts,Acquitted,54.9447777,11.4010441,original
1665,Rasmus_Snedker,Male,"Fejø, Lolland",Secret_Arts,Acquitted,54.9447777,11.4010441,original
1665,Oluf_Jeppesen,Male,"Fejø, Lolland",Secret_Arts,Acquitted,54.9447777,11.4010441,original
1665,Kone_til_Oluf_Jeppesen,Female,"Fejø, Lolland",Secret_Arts,Acquitted,54.9447777,11.4010441,original
1665,Peder_Jeppesen,Male,"Fejø, Lolland",Secret_Arts,Acquitted,54.9447777,11.4010441,original
1666,Søren_Jørgensen,Male,"Krejbjerg, Nørrejylland",Witchcraft,Acquitted,56.2639,9.5018,region
1666,Oluf_Pedersen_Nederland,Male,"Varde, Nørrejylland",Witchcraft_or_Secret_Arts,Unknown,55.6212,8.4813,town
1666,Kirsten_Mikkelsdatter,Female,"Framlev herred, Lillering, Nørrejylland",Witchcraft,Unknown,56.1667,10.0167,herred
1670,Kirsten_Jensdatter,Female,"Vorgod, Nørrejylland",Witchcraft,Acquitted,56.2639,9.5018,region
1670,Kvinde,Female,"Skovby herred, Særslev sogn, Fyn",Witchcraft,Guilty_execution_of_burning_at_the_stake,55.3333,10.4167,region
1670,Dorthe_Christensdatter_Vogens,Female,"Aalborg, Nørrejylland",Witchcraft,Guilty_execution_of_burning_at_the_stake,57.0488,9.9217,town
1670,Anna_Thorkilds_Datter,Female,"Nørre herred, Ennebølle, Langeland",Secret_Arts_Witchcraft_case_and_Defamation_case,Unknown,54.8333,10.7333,region
1670,Niels_Møllers_Tjenestepige,Female,"Nørre herred, Kjeldskov, Langeland",Witchcraft_or_Secret_Arts_Denunciation,Unknown,54.8333,10.7333,region
1670,Inger_Kræmmer,Female,"Aalborg, Nørrejylland",Witchcraft_Denunciation,Acquitted_Apparently_no_charge,57.0488,9.9217,town
1670,Else_Pedersdatter,Female,"Aalborg, Nørrejylland",Witchcraft_Denunciation,Acquitted_Apparently_no_charge,57.0488,9.9217,town
1670,Helvig_Løgtemagers,Female,"Aalborg, Nørrejylland",Witchcraft_Denunciation,Acquitted_Apparently_no_charge,57.0488,9.9217,town
1670,Maren_Jensdatter,Female,"Aalborg, Nørrejylland",Witchcraft_Denunciation,Acquitted_Apparently_no_charge,57.0488,9.9217,town
1670,Ane_Frandsdatter,Female,"Aalborg, Nørrejylland",Witchcraft_Denunciation,Acquitted_Apparently_no_charge,57.0488,9.9217,town
1670,Jens_Nielsen,Male,"Aalborg, Nørrejylland",Witchcraft_Denunciation,Acquitted_Apparently_no_charge,57.0488,9.9217,town
1670,Niels_Christensen,Male,"Aalborg, Nørrejylland",Witchcraft_Denunciation,Acquitted_Apparently_no_charge,57.0488,9.9217,town
1670,Maren,Female,"Aalborg, Nørrejylland",Witchcraft_Denunciation,Acquitted_Apparently_no_charge,57.0488,9.9217,town
1671,Anne_Struer,Female,"Holstebro, Nørrejylland",Witchcraft,A_church_jury_kirkenaevn_still_had_to_be_sworn_in_at_the_local_court_so_Viborg_regional_court_landsting_sent_the_case_back,56.2639,9.5018,region
1671,Anne_Pedersdatter,Female,"Nykøbing, Nørrejylland",Witchcraft,Acquitted,56.7969,8.8608,town
1671,Karen_Lauridsdatter,Female,"Vester, Vester s., Nørrejylland",Witchcraft,Unknown,56.2639,9.5018,region
1671,Anne_Knud_Nielsens,Female,"Odense, Fyn herred, Andebølle, Vissenbjerg",Witchcraft,Guilty_execution_of_burning_at_the_stake,55.38482,10.13784,original
1671,Maren_Clausis,Female,"Odense, Fyn herred",Witchcraft,Guilty_execution_of_burning_at_the_stake,55.4038,10.4024,town
1671,Anne_Madsdatter,Female,"Hvetbo herred, Nørrejylland",Witchcraft_Defamation_case,No_charge_No_case_was_brought_against_her_but_her_accuser_was_brought_to_court_for_Defamation_Outcome_unknown,57.2,9.7,herred
1671,Granderne,multiple_people,"Hvetbo herred, Nørrejylland",Witchcraft_Defamation_case,No_charge_No_case_was_brought_against_them_but_their_accuser_was_brought_to_court_for_Defamation_Outcome_unknown,57.2,9.7,herred
1671,Maren_Christensdatter,Female,"Hvetbo herred, Dal, Nørrejylland",Witchcraft_Defamation_case,No_charge_No_case_was_brought_against_her_but_her_accuser_was_brought_to_court_for_Defamation_Outcome_unknown,57.2,9.7,herred
1672,Anders_Madsen,Male,"Assens, Verninge sogn, Fyn",Witchcraft_Local_village_case,Unknown,55.2703,9.8961,town
1672,Gunde_Nielsdatter,Female,"Assens, Verninge sogn, Fyn",Witchcraft_Local_village_case,Unknown,55.2703,9.8961,town
1672,Johanne_Christensdatter,Female,"Aalborg, Nørrejylland",Witchcraft,Unknown,57.0488,9.9217,town
1673,Gabriel_Grube,Male,"Kolding, Nørrejylland",Assault_and_Witchcraft,Unknown,55.4904,9.4721,town
1674,Mads_Nielsens_Kone,Female,"Nørre herred, Broen, Langeland",Witchcraft_or_Secret_Arts_Denunciation,Unknown,54.8333,10.7333,region
1674,Anne_Leppes,Female,"Aarhusgaard len, Aarhus, Nørrejylland",Witchcraft,No_charge_No_case_was_brought_against_her_even_though_the_accuser_claims_she_had_bewitched_her_Her_accuser_Anne_Jensdatter_wife_of_the_husband's_rival_was_nonetheless_brought_to_court_for_Defamation_Outcome_unknown_but_the_feud_continued_until_1675_and_thereafter_with_other_people_However_he_did_not_die_until_around_1692-93_so_it_apparently_did_not_develop_further,56.1629,10.2039,town
1675,Ing_Slagters,Female,"Thisted, Nørrejylland",Secret_Arts,Unknown,56.9564,8.6934,town
1675,Karen_Christensdatter,Female,"Thisted, Nørrejylland",Secret_Arts,Unknown,56.9564,8.6934,town
1676,Maren_Hansdatter,Female,"Skast Herred, Rovsthøje, Nørrejylland",Witchcraft_or_Secret_Arts_Defamation_case,Unknown,55.53,8.63,herred
1678,Kirsten_Sørensdatter,Female,"Marselisborg birk, Endslev, Nørrejylland",Witchcraft,Settlement,56.1333,10.2,herred
1679,Anne_Simensdatter,Female,"Skast Herred, Guldager, Nørrejylland",Witchcraft,Unknown,55.5,8.5333,town
1679,Anne_Andersdatter,Female,"Thisted, Nørrejylland",Witchcraft_or_Secret_Arts_Defamation_case,No_charge_The_accuser_was_brought_to_court_for_Defamation_outcome_unknown,56.9564,8.6934,town
1679,Birgitte_Nielsdatter,Female,"Fleskum herred, Nørrejylland",Witchcraft,Unknown,57.0,9.95,herred
1681,Peder_Jessen_kræmmer,Male,"Skast Herred, Rovst, Nørrejylland",Witchcraft,Unknown,55.53,8.63,herred
1683,Karen_Dynisdatter,Female,"Lønborg, Nørrejylland",Witchcraft,Guilty_execution_of_burning_at_the_stake,55.9494,8.3486,town
1685,Christen_Lintrup,Male,"Skast Herred, Vejrup, Nørrejylland",Witchcraft,Unknown,55.45,8.7667,town
1686,Mette_Nielsdatter,Female,"Ebeltoft, Nørrejylland",Witchcraft,Unknown,56.1957,10.6836,town
1686,Gye_Nielsdatter_Kochis,Female,Nørrejylland,Witchcraft,Guilty_execution_of_burning_at_the_stake,56.4531684,9.4075049,original
1686,Maren_Pedersdatter_Blommens_moder,Female,Nørrejylland,Witchcraft,Guilty_execution_of_burning_at_the_stake,56.4531684,9.4075049,original
1686,Anne_Sørensdatter,Female,"Homå, Boeslum, Nørrejylland",Witchcraft,Guilty_execution_of_burning_at_the_stake,56.2639,9.5018,region
1686,Mette_Stisens,Female,Nørrejylland,Witchcraft,Unknown,56.4531684,9.4075049,original
1686,Peder_Kjær,Male,"Homå, Nørrejylland",Witchcraft,Unknown,56.2639,9.5018,region
1686,Karen_Madsdatter,Female,"Århus, Nørrejylland",Witchcraft,Guilty_execution_of_burning_at_the_stake,56.1629,10.2039,town
1686,Anne_Madsdatter,Female,"Thise, Sdr. Thise, Nørrejylland",Witchcraft,Unknown,56.2639,9.5018,region
1686,Maren_Clemedsdatter,Female,"Århus, Nørrejylland",Witchcraft_Denunciation_case,Acquitted,56.1629,10.2039,town
1686,Kirsten_Andersdatter,Female,"Tolstrup, Tømmerby, Nørrejylland",Witchcraft_or_Secret_Arts,"The_verdict_was_to_be_confirmed,_but_she_fled",56.2639,9.5018,region
1686,Kirsten_Jensdatter,Female,"Lihme, Lime, Nørrejylland",Witchcraft,Unknown,56.2639,9.5018,region
1686,Maren_Christensdatter,Female,"Østerild, Klitten, Nørrejylland",Witchcraft,Acquitted,56.2639,9.5018,region
1686,Ingeborg_Lauritz_Bordings,Female,"Århus, Nørrejylland",Witchcraft_Denunciation_case,Acquitted,56.1629,10.2039,town
1686,Maren_Jens_Langholts,Female,Nørrejylland,Witchcraft,Unknown,56.4531684,9.4075049,original
1686,Mette_Madsdatter,Female,"Thise, Sdr. Thise, Nørrejylland",Witchcraft,Unknown,56.2639,9.5018,region
1686,Kirsten_Poulsdatter,Female,"Silkeborg, Funder, Nørrejylland",Secret_Arts,Unknown,56.1697,9.5459,town
1686,Niels_Sørensen_Kræmmer,Male,"Jerslev herred, Øster Brønderslev, Nørrejylland",Murder_and_Witchcraft,Guilty_Execution_He_was_executed_for_his_combined_offences_manslaughter_and_unchristian_teaching_practised_on_a_royal_cavalryman,57.2,10.0333,town
1686,Kirsten_Sørensdatter,Female,"Ry birk, Salten, Nørrejylland",Theft_and_Witchcraft_Defamation_case,No_charge_The_accuser_was_brought_to_court_for_Defamation_the_outcome_of_this_is_not_known,56.2639,9.5018,region
1686,Mikkel_Rasmussen_Soel,Male,"Aarhusgaard len, Avning, Nørrejylland",Witchcraft_Denunciation,No_charge_It_is_not_known_how_the_case_concluded_But_on_16_June_1687_there_is_a_new_case_in_which_he_and_his_wife_were_subjected_to_defamatory_words_and_brought_the_accusers_to_court,56.2639,9.5018,region
1686,Maren_Rasmusdatter,Female,"Aarhusgaard len, Aarhus, Nørrejylland",Witchcraft_Denunciation,No_charge_It_is_not_known_how_the_case_concluded_But_she_was_alive_in_1694_when_her_husband's_inheritance_was_to_be_settled,56.1629,10.2039,town
1686,Else_i_Møllestien,Female,"Aarhusgaard len, Aarhus, Nørrejylland",Witchcraft_Denunciation,Unknown,56.1629,10.2039,town
1686,Dorte_Skolemesters,Female,"Aarhusgaard len, Aarhus, Nørrejylland",Witchcraft_Denunciation,Unknown,56.1629,10.2039,town
1686,Karen_Kronborgs,Female,"Aarhusgaard len, Aarhus, Mejlgade, Nørrejylland",Witchcraft_Denunciation,Unknown,56.1629,10.2039,town
1686,Karen_Nielsdatter,Female,"Aarhusgaard len, Brobjerg, Nørrejylland",Witchcraft_Denunciation,Unknown,56.2639,9.5018,region
1686,Kirsten_Nielsdatter_i_klostret,Female,"Aarhusgaard len, Aarhus, Nørrejylland",Witchcraft_Denunciation,Unknown,56.1629,10.2039,town
1686,Anne_Jensdatter,Female,"Aarhusgaard len, Aarhus, Nørrejylland",Witchcraft_Denunciation,Unknown,56.1629,10.2039,town
1686,Maren_Rasmusdatter_på_Graven,Female,"Aarhusgaard len, Aarhus, Nørrejylland",Witchcraft_Denunciation,Unknown,56.1629,10.2039,town
1687,Mette_Jensdatter,Female,"Snedsted, Årup, Nørrejylland",Witchcraft,Acquitted,56.8917,8.5333,town
1687,Maren_Pedersdatter,Female,"Ferring, Haugård, Nørrejylland",Witchcraft,Unknown,56.2639,9.5018,region
1687,Anne_Christian_Brunswigs,Female,"Skast Herred, Ansager, Nørrejylland",Witchcraft,Unknown,55.66,8.75,town
1687,Anne_Jensdatter_Buss/Buusis,Female,"Aalborg, Nørrejylland",Demonic_possession,Unknown,57.0488,9.9217,town
1687,Maren_Ibsdatter,Female,"Voer herred, Tebstrup, Nørrejylland",Witchcraft_Defamation_case,Settlement,55.9833,10.0833,herred
1688,Engelbret_Endersen,Male,"Aarhusgaard len, Avning, Nørrejylland",Witchcraft_Defamation_case,No_charge_Engelbret_brought_a_Defamation_case_against_Peder_Calmer_who_had_claimed_that_E_consorted_with_the_Devil_or_had_been_abducted_and_possessed_by_him_E_won_the_case_and_PC_had_to_pay_4_daler_to_the_poor_for_his_false_story,56.2639,9.5018,region
1689,Predbjørn_Svan,Male,"Bornholm, Skånelandene",Witchcraft_and_Murder_case,Guilty_In_the_king's_irons_at_Bremerholm_for_life,55.9833,13.5833,region
1689,Oluf_Pedersen,Male,"Bornholm, Skånelandene",Witchcraft_and_Murder_case,Guilty_Execution_by_sword,55.9833,13.5833,region
1689,Jep_Hansen,Male,"Bornholm, Skånelandene",Secret_Arts_Murder_case_and_Witchcraft_case,No_charge,55.9833,13.5833,region
1690,Karen_Johansdatter,Female,"Skast Herred, Avtrup, Nørrejylland",Witchcraft,Unknown,55.53,8.63,herred
1692,Ole_Hansen_Bosen,Male,"Hassel, Falster",Murder_and_Witchcraft,Guilty_execution_beheading,54.7667,11.9167,region
1692,Ingeborrig_Osvaltis,Female,"Nykøbing, Falster",Murder_and_Witchcraft,Unknown,54.7672926,11.8927011,original
1693,Anne_Palles,Female,"Taaderup, Falster",Witchcraft,Guilty_execution_of_burning_at_the_stake,54.7667,11.9167,region
1693,Anne_Kruse,Female,"Ulslev, Falster",Witchcraft,Guilty_execution_of_burning_at_the_stake,54.7433081,11.9867146,original
1693,Anders_Hansen_Snedker,Male,"Veggerløse sogn, Bruserup, Falster",Secret_Arts,Unknown,54.7667,11.9167,region
1693,Unknown,Unknown,"Skelby sogn, Falster",Secret_Arts,Guilty_Public_penance,54.7667,11.9167,region
1693,Unknown,Unknown,"Skelby sogn, Falster",Secret_Arts,Guilty_Public_penance,54.7667,11.9167,region
1693,Unknown,Unknown,"Skelby sogn, Falster",Secret_Arts,Guilty_Public_penance,54.7667,11.9167,region
1693,Unknown,Unknown,"Skelby sogn, Falster",Secret_Arts,Guilty_Public_penance,54.7667,11.9167,region
1693,Unknown,Unknown,"Skelby sogn, Falster",Secret_Arts,Guilty_Public_penance,54.7667,11.9167,region
1693,Unknown,Unknown,"Skelby sogn, Falster",Secret_Arts,Guilty_Public_penance,54.7667,11.9167,region
1693,Karen_Lummerløf,Female,"Brarup sogn, Falster",Secret_Arts,Unknown,54.7667,11.9167,region
1693,Hans_Caspersen,Male,"Aalborg, Nørrejylland",Witchcraft,Settlement,57.0488,9.9217,town
1696,Maren_Hansdatter,Female,"Skast Herred, Skast, Nørrejylland",Witchcraft,Unknown,55.53,8.63,herred
1696,Peder_Schmidts_svigermor,Female,"Fredericia, Nørrejylland",Witchcraft_Assault_case,No_charge_No_case_was_brought_against_her_It_is_not_known_whether_her_accuser_was_brought_to_court_for_Defamation,55.5658,9.7521,town
1697,Hans_Stange,Male,"Væggerløse sogn, Falster",Witchcraft_Denunciation,Unknown,54.7667,11.9167,region
1698,Maren_Madsdatter,Female,"Assens, Verninge sogn, Fyn",Witchcraft_Defamation_case,Unknown,55.2703,9.8961,town
1698,Anne_Christensdatter,Female,"Thisted, Nørrejylland",Witchcraft_Defamation_case,Unknown,56.9564,8.6934,town
1698,Fru_Anne_Søe,Female,"Thisted, Nørrejylland",Witchcraft_Denunciation_case,Unknown,56.9564,8.6934,town
1698,Zidsel_Torps,Female,"Thisted, Nørrejylland",Witchcraft_Defamation_case,Unknown,56.9564,8.6934,town
1700,Frands_Sørensens_wife_og_dennes_familie,Female,"Framlev herred, Nørrejylland",Witchcraft_Defamation_case,Unknown,56.1667,10.0167,herred
1703,Eske_Jensens_wife,Female,"Thisted, Nørrejylland",Witchcraft_Defamation_case,No_charge_The_accuser_was_brought_to_court_for_Defamation_outcome_unknown,56.9564,8.6934,town
1705,Rasmus_Rasmussens_wife,Female,"Østjylland, Gylling, Nørrejylland",Witchcraft_Defamation_case,Unknown,56.2639,9.5018,region
1713,Kvinde_(wife_til_Tolle_Guttorsen),Female,"Nakskov, Lolland",Witchcraft_or_Secret_Arts_Defamation_case,Unknown,54.8304979,11.1493517,original
1723,Dorthe_Jensdaatter,Female,"Salling, Øster Grønninge, Nørrejylland",Witchcraft_and_Murder_case,Unknown,56.2639,9.5018,region
1736,Maren_Christensdatter_Søeborg,Female,"Thisted, Vigsø, Nørrejylland",Witchcraft,Unknown,56.9564,8.6934,town
1736,Ane_Sørensdatter,Female,"Thisted, Rorsholm, Nørrejylland",Witchcraft,Unknown,56.9564,8.6934,town
1743,Anne_Maria_Nielsdaatter,Female,"Kolding, Ågård, Nørrejylland",Pact_with_the_Devil,Guilty,55.4904,9.4721,town
1743,Anders_Tranbom,Male,"Fredericia, Nørrejylland",Witchcraft,Guilty_Expelled_from_the_religious_society_presumably_the_Moravian_Brethren_on_account_of_Witchcraft,55.5658,9.7521,town
1743,Daniel_Friedenreich,Male,"Fredericia, Nørrejylland",Witchcraft,Guilty_Expelled_from_the_religious_society_presumably_the_Moravian_Brethren_on_account_of_Witchcraft,55.5658,9.7521,town
1745,Lars_Olsen,Male,"København, Sjælland",Witchcraft_and_Theft,Guilty_Flogging_at_the_whipping_post_branding_as_a_thief_and_forced_labour_at_the_nearest_fortress,55.664265,12.5736138,original
1754,Søren_Larsen_Galtrup,Male,"Jerslev herred, Nørrejylland",Pact_with_the_Devil,"Guilty_Not_convicted_for_the_pact_itself,_but_for_her_evil_mind_and_will_on_the_basis_of_several_circumstances_connected_with_the_alleged_Pact_with_the_Devil_To_be_committed_to_Viborg_house_of_correction_for_purification_and_improvement_for_an_indefinite_period",57.2,10.0333,town
1756,Sidsel_Kristensdatter,Female,"Antvorskov amt, Sjælland",Secret_Arts_and_Fraud,Unknown,55.41667,11.83333,original
1756,Datter_til_Sidsel_Kristensdatter,Female,"Antvorskov amt, Sjælland",Secret_Arts_and_Fraud,Unknown,55.41667,11.83333,original
1756,Datter_til_Sidsel_Kristensdatter,Female,"Antvorskov amt, Sjælland",Secret_Arts_and_Fraud,Unknown,55.41667,11.83333,original
1756,Hr._Otto_Fersløf,Male,"Antvorskov amt, Sjælland",Secret_Arts,Guilty_Had_to_apologise_from_their_pulpits_and_pay_20_rixdollars_to_the_widows'_fund,55.41667,11.83333,original
1756,Hr._Christian_Fersløf,Male,"Antvorskov amt, Sjælland",Secret_Arts,Guilty_Had_to_apologise_from_their_pulpits_and_pay_20_rixdollars_to_the_widows'_fund,55.41667,11.83333,original
1759,Kirsten_Christophers,Female,"Roskilde, Sjælland",Witchcraft_or_Secret_Arts,Unknown,55.6433478,12.0819247,original
1779,Unknown,Female,Sjælland,Secret_Arts,Guilty,55.5455979,11.6973741,original
1779,Unknown,Female,Sjælland,Secret_Arts,Guilty,55.5455979,11.6973741,original
1819,Barbara_Nielsdatter,Female,"Orø, Sjælland",Murder_and_Witchcraft,Unknown,55.7796827,11.8116725,original
